,quality,color
0,5,red
1,5,red
2,5,red
3,6,red
4,5,red
5,5,red
6,5,red
7,7,red
8,7,red
9,5,red
10,5,red
11,5,red
12,5,red
13,5,red
14,5,red
15,5,red
16,7,red
17,5,red
18,4,red
19,6,red
20,6,red
21,5,red
22,5,red
23,5,red
24,6,red
25,5,red
26,5,red
27,5,red
28,5,red
29,6,red
30,5,red
31,6,red
32,5,red
33,6,red
34,5,red
35,6,red
36,6,red
37,7,red
38,4,red
39,5,red
40,5,red
41,4,red
42,6,red
43,5,red
44,5,red
45,4,red
46,5,red
47,5,red
48,5,red
49,5,red
50,5,red
51,6,red
52,6,red
53,5,red
54,6,red
55,5,red
56,5,red
57,5,red
58,5,red
59,6,red
60,5,red
61,5,red
62,7,red
63,5,red
64,5,red
65,5,red
66,5,red
67,5,red
68,5,red
69,6,red
70,6,red
71,5,red
72,5,red
73,4,red
74,5,red
75,5,red
76,5,red
77,6,red
78,5,red
79,4,red
80,5,red
81,5,red
82,5,red
83,5,red
84,6,red
85,5,red
86,6,red
87,5,red
88,5,red
89,5,red
90,5,red
91,6,red
92,5,red
93,5,red
94,4,red
95,6,red
96,5,red
97,5,red
98,5,red
99,6,red
100,6,red
101,6,red
102,6,red
103,5,red
104,5,red
105,5,red
106,5,red
107,5,red
108,6,red
109,5,red
110,5,red
111,5,red
112,5,red
113,6,red
114,5,red
115,6,red
116,6,red
117,6,red
118,6,red
119,6,red
120,5,red
121,6,red
122,5,red
123,5,red
124,5,red
125,5,red
126,5,red
127,5,red
128,7,red
129,5,red
130,5,red
131,5,red
132,5,red
133,6,red
134,6,red
135,5,red
136,5,red
137,5,red
138,5,red
139,5,red
140,5,red
141,5,red
142,6,red
143,5,red
144,6,red
145,5,red
146,5,red
147,5,red
148,6,red
149,6,red
150,6,red
151,4,red
152,5,red
153,5,red
154,5,red
155,5,red
156,5,red
157,5,red
158,5,red
159,6,red
160,5,red
161,4,red
162,6,red
163,5,red
164,5,red
165,5,red
166,5,red
167,4,red
168,6,red
169,5,red
170,4,red
171,6,red
172,6,red
173,6,red
174,5,red
175,5,red
176,5,red
177,6,red
178,5,red
179,5,red
180,5,red
181,5,red
182,5,red
183,5,red
184,6,red
185,5,red
186,5,red
187,5,red
188,5,red
189,5,red
190,5,red
191,6,red
192,5,red
193,5,red
194,5,red
195,5,red
196,5,red
197,6,red
198,7,red
199,4,red
200,7,red
201,5,red
202,5,red
203,5,red
204,6,red
205,7,red
206,7,red
207,5,red
208,5,red
209,7,red
210,6,red
211,6,red
212,6,red
213,5,red
214,6,red
215,5,red
216,5,red
217,5,red
218,5,red
219,5,red
220,6,red
221,5,red
222,5,red
223,6,red
224,4,red
225,6,red
226,6,red
227,5,red
228,6,red
229,5,red
230,7,red
231,6,red
232,6,red
233,5,red
234,6,red
235,6,red
236,6,red
237,6,red
238,6,red
239,6,red
240,5,red
241,6,red
242,6,red
243,7,red
244,7,red
245,6,red
246,5,red
247,5,red
248,6,red
249,6,red
250,6,red
251,6,red
252,5,red
253,5,red
254,6,red
255,5,red
256,5,red
257,5,red
258,5,red
259,7,red
260,5,red
261,4,red
262,5,red
263,5,red
264,5,red
265,7,red
266,4,red
267,8,red
268,6,red
269,6,red
270,6,red
271,6,red
272,5,red
273,5,red
274,5,red
275,6,red
276,6,red
277,6,red
278,8,red
279,7,red
280,6,red
281,7,red
282,5,red
283,7,red
284,5,red
285,5,red
286,6,red
287,6,red
288,7,red
289,5,red
290,7,red
291,5,red
292,6,red
293,6,red
294,6,red
295,5,red
296,5,red
297,5,red
298,5,red
299,5,red
300,6,red
301,6,red
302,5,red
303,5,red
304,5,red
305,6,red
306,5,red
307,6,red
308,6,red
309,6,red
310,6,red
311,6,red
312,6,red
313,5,red
314,5,red
315,6,red
316,5,red
317,6,red
318,7,red
319,6,red
320,7,red
321,5,red
322,5,red
323,6,red
324,6,red
325,6,red
326,7,red
327,5,red
328,6,red
329,5,red
330,6,red
331,6,red
332,6,red
333,5,red
334,7,red
335,7,red
336,6,red
337,5,red
338,6,red
339,7,red
340,6,red
341,6,red
342,6,red
343,6,red
344,6,red
345,5,red
346,7,red
347,6,red
348,6,red
349,6,red
350,6,red
351,6,red
352,5,red
353,5,red
354,6,red
355,6,red
356,5,red
357,7,red
358,7,red
359,6,red
360,5,red
361,6,red
362,5,red
363,5,red
364,7,red
365,6,red
366,7,red
367,5,red
368,5,red
369,7,red
370,5,red
371,6,red
372,6,red
373,5,red
374,6,red
375,7,red
376,6,red
377,7,red
378,6,red
379,6,red
380,6,red
381,6,red
382,6,red
383,6,red
384,5,red
385,6,red
386,6,red
387,6,red
388,6,red
389,7,red
390,8,red
391,6,red
392,5,red
393,5,red
394,5,red
395,7,red
396,5,red
397,6,red
398,6,red
399,5,red
400,5,red
401,6,red
402,6,red
403,6,red
404,5,red
405,6,red
406,6,red
407,7,red
408,6,red
409,4,red
410,6,red
411,5,red
412,5,red
413,7,red
414,5,red
415,5,red
416,6,red
417,5,red
418,6,red
419,5,red
420,7,red
421,7,red
422,5,red
423,7,red
424,5,red
425,7,red
426,6,red
427,6,red
428,5,red
429,6,red
430,7,red
431,5,red
432,6,red
433,5,red
434,6,red
435,5,red
436,6,red
437,6,red
438,6,red
439,5,red
440,8,red
441,6,red
442,7,red
443,7,red
444,7,red
445,6,red
446,5,red
447,5,red
448,6,red
449,6,red
450,6,red
451,6,red
452,6,red
453,7,red
454,5,red
455,8,red
456,5,red
457,5,red
458,7,red
459,3,red
460,6,red
461,5,red
462,5,red
463,5,red
464,6,red
465,5,red
466,6,red
467,6,red
468,6,red
469,5,red
470,5,red
471,6,red
472,6,red
473,5,red
474,6,red
475,5,red
476,5,red
477,6,red
478,5,red
479,6,red
480,5,red
481,8,red
482,5,red
483,5,red
484,6,red
485,5,red
486,5,red
487,6,red
488,7,red
489,6,red
490,6,red
491,7,red
492,7,red
493,6,red
494,6,red
495,8,red
496,6,red
497,5,red
498,8,red
499,6,red
500,6,red
501,7,red
502,7,red
503,7,red
504,7,red
505,7,red
506,7,red
507,6,red
508,6,red
509,7,red
510,5,red
511,6,red
512,6,red
513,7,red
514,7,red
515,5,red
516,6,red
517,3,red
518,6,red
519,5,red
520,6,red
521,5,red
522,5,red
523,5,red
524,5,red
525,5,red
526,5,red
527,6,red
528,6,red
529,5,red
530,6,red
531,5,red
532,5,red
533,6,red
534,6,red
535,6,red
536,5,red
537,6,red
538,7,red
539,5,red
540,5,red
541,6,red
542,5,red
543,6,red
544,6,red
545,5,red
546,6,red
547,6,red
548,6,red
549,6,red
550,6,red
551,6,red
552,6,red
553,5,red
554,5,red
555,5,red
556,6,red
557,5,red
558,6,red
559,6,red
560,5,red
561,5,red
562,5,red
563,6,red
564,6,red
565,5,red
566,6,red
567,6,red
568,6,red
569,6,red
570,6,red
571,6,red
572,5,red
573,4,red
574,6,red
575,6,red
576,4,red
577,5,red
578,5,red
579,6,red
580,5,red
581,5,red
582,5,red
583,7,red
584,7,red
585,6,red
586,7,red
587,5,red
588,8,red
589,7,red
590,5,red
591,6,red
592,5,red
593,5,red
594,5,red
595,5,red
596,6,red
597,6,red
598,6,red
599,6,red
600,4,red
601,6,red
602,5,red
603,6,red
604,6,red
605,6,red
606,7,red
607,6,red
608,6,red
609,6,red
610,5,red
611,5,red
612,6,red
613,5,red
614,6,red
615,5,red
616,5,red
617,6,red
618,5,red
619,5,red
620,5,red
621,5,red
622,5,red
623,6,red
624,5,red
625,5,red
626,5,red
627,5,red
628,6,red
629,5,red
630,6,red
631,5,red
632,6,red
633,4,red
634,5,red
635,5,red
636,5,red
637,5,red
638,7,red
639,6,red
640,5,red
641,5,red
642,5,red
643,5,red
644,5,red
645,7,red
646,5,red
647,4,red
648,7,red
649,6,red
650,5,red
651,5,red
652,5,red
653,6,red
654,5,red
655,5,red
656,5,red
657,7,red
658,6,red
659,4,red
660,6,red
661,5,red
662,6,red
663,6,red
664,5,red
665,5,red
666,6,red
667,6,red
668,5,red
669,6,red
670,5,red
671,5,red
672,5,red
673,5,red
674,6,red
675,5,red
676,6,red
677,5,red
678,5,red
679,5,red
680,5,red
681,6,red
682,5,red
683,5,red
684,5,red
685,5,red
686,5,red
687,5,red
688,5,red
689,5,red
690,3,red
691,5,red
692,5,red
693,5,red
694,5,red
695,6,red
696,6,red
697,6,red
698,5,red
699,6,red
700,6,red
701,6,red
702,6,red
703,4,red
704,4,red
705,5,red
706,5,red
707,5,red
708,6,red
709,6,red
710,5,red
711,5,red
712,5,red
713,5,red
714,5,red
715,6,red
716,5,red
717,5,red
718,5,red
719,5,red
720,5,red
721,5,red
722,5,red
723,5,red
724,4,red
725,5,red
726,6,red
727,5,red
728,5,red
729,6,red
730,5,red
731,5,red
732,5,red
733,5,red
734,5,red
735,5,red
736,5,red
737,6,red
738,5,red
739,5,red
740,6,red
741,5,red
742,5,red
743,5,red
744,5,red
745,6,red
746,6,red
747,5,red
748,6,red
749,6,red
750,5,red
751,5,red
752,5,red
753,5,red
754,6,red
755,6,red
756,6,red
757,5,red
758,5,red
759,5,red
760,5,red
761,5,red
762,6,red
763,5,red
764,6,red
765,6,red
766,5,red
767,5,red
768,6,red
769,5,red
770,6,red
771,5,red
772,5,red
773,6,red
774,6,red
775,5,red
776,6,red
777,6,red
778,5,red
779,5,red
780,6,red
781,5,red
782,5,red
783,5,red
784,5,red
785,5,red
786,5,red
787,6,red
788,6,red
789,5,red
790,6,red
791,5,red
792,6,red
793,5,red
794,6,red
795,5,red
796,5,red
797,7,red
798,6,red
799,6,red
800,5,red
801,5,red
802,7,red
803,6,red
804,6,red
805,7,red
806,7,red
807,7,red
808,5,red
809,6,red
810,5,red
811,6,red
812,5,red
813,4,red
814,6,red
815,5,red
816,6,red
817,6,red
818,5,red
819,5,red
820,5,red
821,7,red
822,5,red
823,5,red
824,5,red
825,5,red
826,7,red
827,5,red
828,8,red
829,6,red
830,4,red
831,6,red
832,3,red
833,4,red
834,5,red
835,5,red
836,7,red
837,7,red
838,7,red
839,5,red
840,7,red
841,5,red
842,6,red
843,5,red
844,6,red
845,5,red
846,5,red
847,6,red
848,5,red
849,5,red
850,5,red
851,5,red
852,5,red
853,6,red
854,6,red
855,7,red
856,6,red
857,7,red
858,7,red
859,6,red
860,5,red
861,6,red
862,5,red
863,5,red
864,5,red
865,5,red
866,6,red
867,6,red
868,6,red
869,6,red
870,6,red
871,5,red
872,4,red
873,7,red
874,7,red
875,7,red
876,4,red
877,6,red
878,6,red
879,5,red
880,5,red
881,6,red
882,6,red
883,5,red
884,6,red
885,5,red
886,6,red
887,7,red
888,6,red
889,5,red
890,5,red
891,5,red
892,6,red
893,5,red
894,6,red
895,6,red
896,7,red
897,6,red
898,7,red
899,3,red
900,5,red
901,7,red
902,7,red
903,7,red
904,7,red
905,5,red
906,5,red
907,6,red
908,6,red
909,6,red
910,6,red
911,6,red
912,6,red
913,7,red
914,6,red
915,6,red
916,5,red
917,6,red
918,6,red
919,6,red
920,5,red
921,6,red
922,6,red
923,6,red
924,5,red
925,7,red
926,6,red
927,4,red
928,5,red
929,7,red
930,5,red
931,5,red
932,6,red
933,5,red
934,5,red
935,6,red
936,6,red
937,4,red
938,7,red
939,5,red
940,7,red
941,7,red
942,7,red
943,7,red
944,7,red
945,7,red
946,7,red
947,7,red
948,7,red
949,7,red
950,7,red
951,7,red
952,7,red
953,7,red
954,6,red
955,5,red
956,6,red
957,6,red
958,7,red
959,5,red
960,6,red
961,5,red
962,5,red
963,6,red
964,6,red
965,6,red
966,7,red
967,5,red
968,6,red
969,5,red
970,6,red
971,6,red
972,7,red
973,5,red
974,7,red
975,5,red
976,5,red
977,5,red
978,7,red
979,5,red
980,6,red
981,5,red
982,6,red
983,6,red
984,5,red
985,6,red
986,7,red
987,5,red
988,5,red
989,6,red
990,5,red
991,5,red
992,6,red
993,5,red
994,5,red
995,6,red
996,7,red
997,7,red
998,6,red
999,6,red
1000,7,red
1001,7,red
1002,7,red
1003,7,red
1004,5,red
1005,7,red
1006,7,red
1007,7,red
1008,7,red
1009,5,red
1010,7,red
1011,6,red
1012,5,red
1013,6,red
1014,6,red
1015,6,red
1016,7,red
1017,6,red
1018,6,red
1019,5,red
1020,6,red
1021,6,red
1022,5,red
1023,6,red
1024,7,red
1025,6,red
1026,6,red
1027,5,red
1028,6,red
1029,7,red
1030,7,red
1031,7,red
1032,5,red
1033,6,red
1034,6,red
1035,7,red
1036,7,red
1037,5,red
1038,7,red
1039,6,red
1040,5,red
1041,6,red
1042,6,red
1043,7,red
1044,6,red
1045,6,red
1046,6,red
1047,5,red
1048,6,red
1049,6,red
1050,5,red
1051,5,red
1052,5,red
1053,7,red
1054,6,red
1055,6,red
1056,7,red
1057,5,red
1058,7,red
1059,7,red
1060,6,red
1061,8,red
1062,6,red
1063,6,red
1064,6,red
1065,6,red
1066,7,red
1067,7,red
1068,7,red
1069,5,red
1070,7,red
1071,5,red
1072,6,red
1073,6,red
1074,5,red
1075,7,red
1076,6,red
1077,5,red
1078,5,red
1079,7,red
1080,6,red
1081,7,red
1082,6,red
1083,6,red
1084,6,red
1085,5,red
1086,7,red
1087,6,red
1088,7,red
1089,7,red
1090,8,red
1091,6,red
1092,6,red
1093,7,red
1094,6,red
1095,5,red
1096,6,red
1097,5,red
1098,7,red
1099,5,red
1100,6,red
1101,6,red
1102,6,red
1103,6,red
1104,6,red
1105,5,red
1106,6,red
1107,7,red
1108,5,red
1109,6,red
1110,6,red
1111,7,red
1112,6,red
1113,6,red
1114,6,red
1115,6,red
1116,6,red
1117,6,red
1118,6,red
1119,5,red
1120,8,red
1121,6,red
1122,6,red
1123,6,red
1124,4,red
1125,7,red
1126,6,red
1127,6,red
1128,5,red
1129,6,red
1130,6,red
1131,5,red
1132,7,red
1133,7,red
1134,7,red
1135,6,red
1136,6,red
1137,6,red
1138,5,red
1139,6,red
1140,6,red
1141,6,red
1142,6,red
1143,6,red
1144,5,red
1145,6,red
1146,6,red
1147,7,red
1148,6,red
1149,6,red
1150,7,red
1151,6,red
1152,5,red
1153,6,red
1154,6,red
1155,5,red
1156,7,red
1157,7,red
1158,6,red
1159,5,red
1160,7,red
1161,6,red
1162,7,red
1163,5,red
1164,5,red
1165,5,red
1166,5,red
1167,7,red
1168,6,red
1169,6,red
1170,6,red
1171,6,red
1172,6,red
1173,6,red
1174,6,red
1175,6,red
1176,4,red
1177,7,red
1178,5,red
1179,6,red
1180,6,red
1181,5,red
1182,6,red
1183,5,red
1184,5,red
1185,6,red
1186,5,red
1187,6,red
1188,5,red
1189,4,red
1190,6,red
1191,5,red
1192,7,red
1193,5,red
1194,6,red
1195,6,red
1196,6,red
1197,6,red
1198,6,red
1199,6,red
1200,6,red
1201,7,red
1202,8,red
1203,5,red
1204,7,red
1205,7,red
1206,7,red
1207,5,red
1208,7,red
1209,7,red
1210,6,red
1211,5,red
1212,6,red
1213,6,red
1214,6,red
1215,6,red
1216,6,red
1217,6,red
1218,6,red
1219,6,red
1220,6,red
1221,6,red
1222,6,red
1223,6,red
1224,6,red
1225,5,red
1226,5,red
1227,5,red
1228,7,red
1229,5,red
1230,6,red
1231,5,red
1232,5,red
1233,4,red
1234,6,red
1235,4,red
1236,6,red
1237,6,red
1238,4,red
1239,4,red
1240,5,red
1241,5,red
1242,6,red
1243,5,red
1244,6,red
1245,5,red
1246,5,red
1247,5,red
1248,6,red
1249,6,red
1250,6,red
1251,5,red
1252,5,red
1253,5,red
1254,5,red
1255,5,red
1256,5,red
1257,6,red
1258,6,red
1259,6,red
1260,5,red
1261,4,red
1262,5,red
1263,4,red
1264,6,red
1265,6,red
1266,6,red
1267,6,red
1268,6,red
1269,8,red
1270,6,red
1271,6,red
1272,5,red
1273,5,red
1274,6,red
1275,6,red
1276,4,red
1277,6,red
1278,6,red
1279,7,red
1280,6,red
1281,6,red
1282,6,red
1283,6,red
1284,5,red
1285,5,red
1286,6,red
1287,5,red
1288,5,red
1289,5,red
1290,5,red
1291,6,red
1292,6,red
1293,4,red
1294,6,red
1295,5,red
1296,5,red
1297,6,red
1298,6,red
1299,3,red
1300,6,red
1301,6,red
1302,6,red
1303,5,red
1304,5,red
1305,5,red
1306,5,red
1307,4,red
1308,5,red
1309,5,red
1310,5,red
1311,6,red
1312,5,red
1313,6,red
1314,6,red
1315,6,red
1316,6,red
1317,6,red
1318,6,red
1319,6,red
1320,5,red
1321,6,red
1322,5,red
1323,7,red
1324,6,red
1325,6,red
1326,6,red
1327,6,red
1328,5,red
1329,6,red
1330,6,red
1331,5,red
1332,6,red
1333,5,red
1334,5,red
1335,6,red
1336,5,red
1337,5,red
1338,5,red
1339,6,red
1340,6,red
1341,6,red
1342,6,red
1343,6,red
1344,5,red
1345,6,red
1346,5,red
1347,5,red
1348,5,red
1349,5,red
1350,5,red
1351,6,red
1352,5,red
1353,5,red
1354,5,red
1355,5,red
1356,5,red
1357,6,red
1358,5,red
1359,6,red
1360,5,red
1361,5,red
1362,6,red
1363,4,red
1364,6,red
1365,5,red
1366,5,red
1367,6,red
1368,6,red
1369,4,red
1370,5,red
1371,6,red
1372,5,red
1373,5,red
1374,3,red
1375,5,red
1376,5,red
1377,6,red
1378,6,red
1379,6,red
1380,6,red
1381,5,red
1382,5,red
1383,5,red
1384,5,red
1385,5,red
1386,5,red
1387,5,red
1388,5,red
1389,5,red
1390,6,red
1391,5,red
1392,5,red
1393,5,red
1394,5,red
1395,6,red
1396,5,red
1397,5,red
1398,7,red
1399,6,red
1400,5,red
1401,5,red
1402,6,red
1403,8,red
1404,6,red
1405,7,red
1406,6,red
1407,6,red
1408,7,red
1409,6,red
1410,6,red
1411,6,red
1412,6,red
1413,5,red
1414,5,red
1415,5,red
1416,5,red
1417,7,red
1418,5,red
1419,5,red
1420,5,red
1421,5,red
1422,6,red
1423,4,red
1424,6,red
1425,6,red
1426,6,red
1427,5,red
1428,5,red
1429,5,red
1430,5,red
1431,6,red
1432,6,red
1433,7,red
1434,6,red
1435,6,red
1436,5,red
1437,5,red
1438,5,red
1439,6,red
1440,7,red
1441,6,red
1442,5,red
1443,5,red
1444,6,red
1445,6,red
1446,5,red
1447,5,red
1448,5,red
1449,8,red
1450,7,red
1451,7,red
1452,7,red
1453,5,red
1454,6,red
1455,6,red
1456,6,red
1457,5,red
1458,5,red
1459,7,red
1460,6,red
1461,4,red
1462,6,red
1463,6,red
1464,5,red
1465,5,red
1466,7,red
1467,4,red
1468,7,red
1469,3,red
1470,5,red
1471,5,red
1472,6,red
1473,5,red
1474,5,red
1475,7,red
1476,5,red
1477,7,red
1478,3,red
1479,5,red
1480,4,red
1481,5,red
1482,4,red
1483,5,red
1484,4,red
1485,5,red
1486,5,red
1487,5,red
1488,5,red
1489,6,red
1490,6,red
1491,5,red
1492,5,red
1493,5,red
1494,7,red
1495,6,red
1496,5,red
1497,6,red
1498,6,red
1499,6,red
1500,5,red
1501,5,red
1502,5,red
1503,6,red
1504,6,red
1505,3,red
1506,6,red
1507,6,red
1508,6,red
1509,5,red
1510,6,red
1511,5,red
1512,6,red
1513,6,red
1514,6,red
1515,6,red
1516,5,red
1517,6,red
1518,5,red
1519,5,red
1520,6,red
1521,4,red
1522,5,red
1523,5,red
1524,6,red
1525,5,red
1526,6,red
1527,6,red
1528,6,red
1529,6,red
1530,6,red
1531,5,red
1532,6,red
1533,5,red
1534,7,red
1535,6,red
1536,6,red
1537,6,red
1538,5,red
1539,5,red
1540,6,red
1541,7,red
1542,6,red
1543,6,red
1544,7,red
1545,6,red
1546,5,red
1547,5,red
1548,5,red
1549,8,red
1550,5,red
1551,5,red
1552,6,red
1553,5,red
1554,6,red
1555,7,red
1556,5,red
1557,6,red
1558,5,red
1559,5,red
1560,5,red
1561,5,red
1562,5,red
1563,5,red
1564,5,red
1565,6,red
1566,6,red
1567,5,red
1568,5,red
1569,6,red
1570,6,red
1571,6,red
1572,5,red
1573,6,red
1574,6,red
1575,6,red
1576,6,red
1577,6,red
1578,6,red
1579,5,red
1580,6,red
1581,5,red
1582,5,red
1583,5,red
1584,7,red
1585,6,red
1586,6,red
1587,6,red
1588,6,red
1589,5,red
1590,6,red
1591,6,red
1592,6,red
1593,6,red
1594,5,red
1595,6,red
1596,6,red
1597,5,red
1598,6,red
1599,6,white
1600,6,white
1601,6,white
1602,6,white
1603,6,white
1604,6,white
1605,6,white
1606,6,white
1607,6,white
1608,6,white
1609,5,white
1610,5,white
1611,5,white
1612,7,white
1613,5,white
1614,7,white
1615,6,white
1616,8,white
1617,6,white
1618,5,white
1619,8,white
1620,7,white
1621,8,white
1622,5,white
1623,6,white
1624,6,white
1625,6,white
1626,6,white
1627,6,white
1628,7,white
1629,6,white
1630,6,white
1631,6,white
1632,6,white
1633,5,white
1634,5,white
1635,5,white
1636,6,white
1637,5,white
1638,5,white
1639,6,white
1640,6,white
1641,6,white
1642,6,white
1643,6,white
1644,7,white
1645,4,white
1646,5,white
1647,6,white
1648,5,white
1649,6,white
1650,7,white
1651,7,white
1652,6,white
1653,6,white
1654,6,white
1655,6,white
1656,6,white
1657,6,white
1658,6,white
1659,6,white
1660,6,white
1661,5,white
1662,6,white
1663,6,white
1664,5,white
1665,7,white
1666,5,white
1667,8,white
1668,5,white
1669,6,white
1670,5,white
1671,5,white
1672,6,white
1673,8,white
1674,5,white
1675,7,white
1676,7,white
1677,5,white
1678,5,white
1679,6,white
1680,6,white
1681,5,white
1682,6,white
1683,5,white
1684,6,white
1685,6,white
1686,6,white
1687,5,white
1688,6,white
1689,6,white
1690,5,white
1691,7,white
1692,7,white
1693,7,white
1694,6,white
1695,6,white
1696,7,white
1697,4,white
1698,6,white
1699,5,white
1700,5,white
1701,5,white
1702,5,white
1703,5,white
1704,6,white
1705,5,white
1706,6,white
1707,6,white
1708,5,white
1709,6,white
1710,5,white
1711,5,white
1712,5,white
1713,5,white
1714,4,white
1715,6,white
1716,6,white
1717,5,white
1718,5,white
1719,5,white
1720,5,white
1721,5,white
1722,6,white
1723,6,white
1724,6,white
1725,5,white
1726,7,white
1727,7,white
1728,6,white
1729,5,white
1730,7,white
1731,5,white
1732,5,white
1733,5,white
1734,5,white
1735,6,white
1736,5,white
1737,7,white
1738,6,white
1739,5,white
1740,5,white
1741,6,white
1742,6,white
1743,6,white
1744,6,white
1745,6,white
1746,4,white
1747,7,white
1748,6,white
1749,7,white
1750,6,white
1751,6,white
1752,5,white
1753,6,white
1754,6,white
1755,6,white
1756,7,white
1757,8,white
1758,8,white
1759,7,white
1760,5,white
1761,5,white
1762,6,white
1763,5,white
1764,5,white
1765,6,white
1766,7,white
1767,5,white
1768,5,white
1769,6,white
1770,6,white
1771,4,white
1772,7,white
1773,5,white
1774,6,white
1775,4,white
1776,5,white
1777,4,white
1778,6,white
1779,6,white
1780,5,white
1781,5,white
1782,6,white
1783,5,white
1784,5,white
1785,6,white
1786,5,white
1787,8,white
1788,4,white
1789,6,white
1790,5,white
1791,6,white
1792,5,white
1793,5,white
1794,6,white
1795,5,white
1796,5,white
1797,5,white
1798,5,white
1799,5,white
1800,5,white
1801,5,white
1802,6,white
1803,4,white
1804,5,white
1805,5,white
1806,4,white
1807,5,white
1808,6,white
1809,5,white
1810,7,white
1811,5,white
1812,6,white
1813,7,white
1814,5,white
1815,5,white
1816,5,white
1817,5,white
1818,5,white
1819,5,white
1820,6,white
1821,7,white
1822,6,white
1823,6,white
1824,5,white
1825,6,white
1826,6,white
1827,6,white
1828,5,white
1829,4,white
1830,6,white
1831,6,white
1832,6,white
1833,6,white
1834,6,white
1835,6,white
1836,6,white
1837,7,white
1838,6,white
1839,5,white
1840,5,white
1841,7,white
1842,6,white
1843,5,white
1844,6,white
1845,7,white
1846,7,white
1847,7,white
1848,5,white
1849,4,white
1850,3,white
1851,5,white
1852,3,white
1853,6,white
1854,8,white
1855,7,white
1856,7,white
1857,6,white
1858,4,white
1859,6,white
1860,5,white
1861,5,white
1862,6,white
1863,6,white
1864,5,white
1865,6,white
1866,5,white
1867,6,white
1868,6,white
1869,6,white
1870,5,white
1871,5,white
1872,5,white
1873,5,white
1874,6,white
1875,6,white
1876,5,white
1877,4,white
1878,7,white
1879,8,white
1880,8,white
1881,4,white
1882,5,white
1883,5,white
1884,5,white
1885,6,white
1886,7,white
1887,7,white
1888,7,white
1889,7,white
1890,6,white
1891,5,white
1892,7,white
1893,3,white
1894,6,white
1895,5,white
1896,7,white
1897,6,white
1898,6,white
1899,6,white
1900,6,white
1901,6,white
1902,6,white
1903,6,white
1904,6,white
1905,5,white
1906,6,white
1907,7,white
1908,6,white
1909,7,white
1910,8,white
1911,6,white
1912,6,white
1913,5,white
1914,6,white
1915,6,white
1916,5,white
1917,7,white
1918,6,white
1919,7,white
1920,5,white
1921,6,white
1922,6,white
1923,5,white
1924,5,white
1925,6,white
1926,6,white
1927,6,white
1928,5,white
1929,8,white
1930,5,white
1931,6,white
1932,5,white
1933,5,white
1934,6,white
1935,6,white
1936,6,white
1937,5,white
1938,7,white
1939,7,white
1940,6,white
1941,6,white
1942,5,white
1943,6,white
1944,6,white
1945,7,white
1946,6,white
1947,6,white
1948,5,white
1949,7,white
1950,7,white
1951,6,white
1952,7,white
1953,6,white
1954,6,white
1955,6,white
1956,6,white
1957,6,white
1958,6,white
1959,6,white
1960,5,white
1961,6,white
1962,6,white
1963,7,white
1964,7,white
1965,6,white
1966,6,white
1967,6,white
1968,5,white
1969,6,white
1970,6,white
1971,5,white
1972,6,white
1973,7,white
1974,7,white
1975,7,white
1976,7,white
1977,6,white
1978,7,white
1979,7,white
1980,6,white
1981,6,white
1982,6,white
1983,7,white
1984,7,white
1985,7,white
1986,5,white
1987,6,white
1988,7,white
1989,7,white
1990,5,white
1991,6,white
1992,6,white
1993,5,white
1994,5,white
1995,5,white
1996,6,white
1997,5,white
1998,6,white
1999,6,white
2000,5,white
2001,5,white
2002,5,white
2003,6,white
2004,5,white
2005,7,white
2006,5,white
2007,6,white
2008,5,white
2009,6,white
2010,6,white
2011,5,white
2012,5,white
2013,6,white
2014,6,white
2015,6,white
2016,5,white
2017,6,white
2018,6,white
2019,7,white
2020,6,white
2021,6,white
2022,6,white
2023,7,white
2024,6,white
2025,6,white
2026,5,white
2027,5,white
2028,5,white
2029,5,white
2030,5,white
2031,7,white
2032,4,white
2033,8,white
2034,7,white
2035,5,white
2036,8,white
2037,7,white
2038,5,white
2039,7,white
2040,6,white
2041,8,white
2042,6,white
2043,6,white
2044,3,white
2045,5,white
2046,6,white
2047,6,white
2048,7,white
2049,5,white
2050,5,white
2051,7,white
2052,7,white
2053,7,white
2054,6,white
2055,7,white
2056,5,white
2057,6,white
2058,5,white
2059,5,white
2060,5,white
2061,5,white
2062,6,white
2063,5,white
2064,5,white
2065,6,white
2066,6,white
2067,5,white
2068,5,white
2069,6,white
2070,5,white
2071,6,white
2072,7,white
2073,6,white
2074,5,white
2075,7,white
2076,6,white
2077,6,white
2078,6,white
2079,5,white
2080,6,white
2081,5,white
2082,5,white
2083,5,white
2084,6,white
2085,6,white
2086,6,white
2087,6,white
2088,6,white
2089,6,white
2090,7,white
2091,6,white
2092,6,white
2093,6,white
2094,6,white
2095,4,white
2096,6,white
2097,5,white
2098,4,white
2099,6,white
2100,6,white
2101,6,white
2102,5,white
2103,6,white
2104,6,white
2105,5,white
2106,7,white
2107,6,white
2108,7,white
2109,6,white
2110,6,white
2111,6,white
2112,6,white
2113,7,white
2114,6,white
2115,5,white
2116,6,white
2117,6,white
2118,5,white
2119,5,white
2120,5,white
2121,6,white
2122,6,white
2123,5,white
2124,6,white
2125,4,white
2126,6,white
2127,6,white
2128,6,white
2129,6,white
2130,5,white
2131,6,white
2132,6,white
2133,6,white
2134,5,white
2135,5,white
2136,6,white
2137,5,white
2138,6,white
2139,4,white
2140,5,white
2141,6,white
2142,6,white
2143,6,white
2144,6,white
2145,6,white
2146,6,white
2147,7,white
2148,5,white
2149,7,white
2150,7,white
2151,7,white
2152,7,white
2153,7,white
2154,7,white
2155,5,white
2156,6,white
2157,5,white
2158,6,white
2159,7,white
2160,5,white
2161,6,white
2162,7,white
2163,5,white
2164,6,white
2165,6,white
2166,5,white
2167,6,white
2168,6,white
2169,5,white
2170,7,white
2171,5,white
2172,7,white
2173,7,white
2174,6,white
2175,6,white
2176,7,white
2177,7,white
2178,7,white
2179,5,white
2180,5,white
2181,6,white
2182,6,white
2183,7,white
2184,6,white
2185,6,white
2186,7,white
2187,7,white
2188,6,white
2189,5,white
2190,6,white
2191,5,white
2192,5,white
2193,5,white
2194,7,white
2195,5,white
2196,6,white
2197,8,white
2198,7,white
2199,6,white
2200,6,white
2201,5,white
2202,5,white
2203,6,white
2204,6,white
2205,5,white
2206,5,white
2207,5,white
2208,6,white
2209,8,white
2210,6,white
2211,5,white
2212,5,white
2213,5,white
2214,5,white
2215,7,white
2216,6,white
2217,6,white
2218,6,white
2219,5,white
2220,5,white
2221,6,white
2222,5,white
2223,5,white
2224,8,white
2225,4,white
2226,6,white
2227,6,white
2228,6,white
2229,5,white
2230,5,white
2231,6,white
2232,5,white
2233,6,white
2234,6,white
2235,7,white
2236,5,white
2237,5,white
2238,5,white
2239,7,white
2240,4,white
2241,6,white
2242,5,white
2243,5,white
2244,5,white
2245,4,white
2246,6,white
2247,5,white
2248,7,white
2249,7,white
2250,7,white
2251,7,white
2252,6,white
2253,7,white
2254,6,white
2255,6,white
2256,5,white
2257,5,white
2258,4,white
2259,5,white
2260,7,white
2261,4,white
2262,5,white
2263,6,white
2264,5,white
2265,6,white
2266,6,white
2267,6,white
2268,5,white
2269,6,white
2270,6,white
2271,8,white
2272,6,white
2273,5,white
2274,6,white
2275,6,white
2276,7,white
2277,7,white
2278,7,white
2279,5,white
2280,5,white
2281,6,white
2282,5,white
2283,5,white
2284,5,white
2285,7,white
2286,4,white
2287,6,white
2288,7,white
2289,4,white
2290,6,white
2291,5,white
2292,5,white
2293,6,white
2294,5,white
2295,6,white
2296,5,white
2297,5,white
2298,5,white
2299,5,white
2300,7,white
2301,4,white
2302,6,white
2303,6,white
2304,5,white
2305,5,white
2306,6,white
2307,6,white
2308,5,white
2309,5,white
2310,6,white
2311,6,white
2312,5,white
2313,6,white
2314,7,white
2315,6,white
2316,5,white
2317,7,white
2318,7,white
2319,5,white
2320,5,white
2321,6,white
2322,8,white
2323,7,white
2324,5,white
2325,7,white
2326,5,white
2327,5,white
2328,5,white
2329,6,white
2330,6,white
2331,7,white
2332,6,white
2333,5,white
2334,6,white
2335,6,white
2336,5,white
2337,7,white
2338,6,white
2339,3,white
2340,6,white
2341,6,white
2342,5,white
2343,5,white
2344,6,white
2345,6,white
2346,6,white
2347,6,white
2348,6,white
2349,6,white
2350,6,white
2351,6,white
2352,6,white
2353,5,white
2354,7,white
2355,5,white
2356,6,white
2357,7,white
2358,7,white
2359,6,white
2360,6,white
2361,5,white
2362,6,white
2363,6,white
2364,6,white
2365,5,white
2366,6,white
2367,7,white
2368,7,white
2369,7,white
2370,7,white
2371,7,white
2372,5,white
2373,9,white
2374,6,white
2375,6,white
2376,5,white
2377,7,white
2378,8,white
2379,4,white
2380,6,white
2381,7,white
2382,8,white
2383,5,white
2384,6,white
2385,6,white
2386,6,white
2387,7,white
2388,6,white
2389,6,white
2390,7,white
2391,5,white
2392,7,white
2393,5,white
2394,5,white
2395,6,white
2396,6,white
2397,6,white
2398,8,white
2399,6,white
2400,5,white
2401,5,white
2402,7,white
2403,6,white
2404,6,white
2405,5,white
2406,6,white
2407,6,white
2408,6,white
2409,5,white
2410,6,white
2411,7,white
2412,6,white
2413,6,white
2414,5,white
2415,5,white
2416,5,white
2417,5,white
2418,5,white
2419,9,white
2420,6,white
2421,5,white
2422,6,white
2423,5,white
2424,6,white
2425,6,white
2426,9,white
2427,7,white
2428,7,white
2429,6,white
2430,4,white
2431,8,white
2432,6,white
2433,6,white
2434,8,white
2435,8,white
2436,8,white
2437,8,white
2438,7,white
2439,7,white
2440,7,white
2441,7,white
2442,7,white
2443,8,white
2444,8,white
2445,5,white
2446,5,white
2447,7,white
2448,6,white
2449,7,white
2450,5,white
2451,7,white
2452,5,white
2453,7,white
2454,7,white
2455,5,white
2456,5,white
2457,7,white
2458,5,white
2459,8,white
2460,7,white
2461,6,white
2462,6,white
2463,5,white
2464,6,white
2465,7,white
2466,8,white
2467,7,white
2468,6,white
2469,5,white
2470,5,white
2471,6,white
2472,3,white
2473,5,white
2474,7,white
2475,9,white
2476,6,white
2477,6,white
2478,8,white
2479,7,white
2480,6,white
2481,6,white
2482,6,white
2483,6,white
2484,7,white
2485,6,white
2486,7,white
2487,6,white
2488,7,white
2489,6,white
2490,7,white
2491,5,white
2492,7,white
2493,7,white
2494,6,white
2495,6,white
2496,6,white
2497,6,white
2498,6,white
2499,7,white
2500,6,white
2501,5,white
2502,6,white
2503,8,white
2504,4,white
2505,4,white
2506,8,white
2507,4,white
2508,5,white
2509,5,white
2510,5,white
2511,5,white
2512,5,white
2513,4,white
2514,5,white
2515,7,white
2516,6,white
2517,6,white
2518,7,white
2519,7,white
2520,6,white
2521,6,white
2522,6,white
2523,8,white
2524,5,white
2525,5,white
2526,7,white
2527,5,white
2528,5,white
2529,7,white
2530,5,white
2531,6,white
2532,5,white
2533,5,white
2534,5,white
2535,5,white
2536,5,white
2537,6,white
2538,7,white
2539,5,white
2540,6,white
2541,7,white
2542,7,white
2543,7,white
2544,7,white
2545,5,white
2546,5,white
2547,4,white
2548,5,white
2549,5,white
2550,6,white
2551,6,white
2552,5,white
2553,6,white
2554,5,white
2555,5,white
2556,7,white
2557,7,white
2558,6,white
2559,6,white
2560,7,white
2561,6,white
2562,6,white
2563,6,white
2564,5,white
2565,6,white
2566,6,white
2567,7,white
2568,7,white
2569,7,white
2570,7,white
2571,6,white
2572,7,white
2573,6,white
2574,5,white
2575,6,white
2576,5,white
2577,7,white
2578,5,white
2579,6,white
2580,7,white
2581,6,white
2582,6,white
2583,5,white
2584,6,white
2585,6,white
2586,6,white
2587,5,white
2588,7,white
2589,6,white
2590,4,white
2591,5,white
2592,4,white
2593,6,white
2594,6,white
2595,5,white
2596,6,white
2597,6,white
2598,7,white
2599,7,white
2600,5,white
2601,6,white
2602,7,white
2603,6,white
2604,6,white
2605,6,white
2606,5,white
2607,7,white
2608,6,white
2609,6,white
2610,7,white
2611,6,white
2612,5,white
2613,5,white
2614,5,white
2615,5,white
2616,6,white
2617,6,white
2618,6,white
2619,7,white
2620,7,white
2621,8,white
2622,6,white
2623,6,white
2624,6,white
2625,6,white
2626,4,white
2627,7,white
2628,4,white
2629,6,white
2630,6,white
2631,6,white
2632,6,white
2633,3,white
2634,6,white
2635,5,white
2636,5,white
2637,7,white
2638,5,white
2639,4,white
2640,5,white
2641,4,white
2642,5,white
2643,7,white
2644,5,white
2645,5,white
2646,5,white
2647,5,white
2648,6,white
2649,5,white
2650,6,white
2651,5,white
2652,4,white
2653,5,white
2654,5,white
2655,6,white
2656,5,white
2657,6,white
2658,4,white
2659,7,white
2660,5,white
2661,5,white
2662,5,white
2663,6,white
2664,5,white
2665,6,white
2666,7,white
2667,7,white
2668,6,white
2669,7,white
2670,5,white
2671,7,white
2672,5,white
2673,6,white
2674,7,white
2675,6,white
2676,5,white
2677,5,white
2678,6,white
2679,7,white
2680,6,white
2681,6,white
2682,6,white
2683,7,white
2684,5,white
2685,8,white
2686,8,white
2687,6,white
2688,7,white
2689,6,white
2690,6,white
2691,6,white
2692,7,white
2693,5,white
2694,8,white
2695,6,white
2696,7,white
2697,6,white
2698,7,white
2699,6,white
2700,6,white
2701,5,white
2702,5,white
2703,5,white
2704,7,white
2705,8,white
2706,7,white
2707,7,white
2708,4,white
2709,7,white
2710,6,white
2711,6,white
2712,5,white
2713,4,white
2714,8,white
2715,5,white
2716,5,white
2717,5,white
2718,5,white
2719,6,white
2720,6,white
2721,7,white
2722,5,white
2723,5,white
2724,6,white
2725,7,white
2726,7,white
2727,5,white
2728,7,white
2729,6,white
2730,6,white
2731,5,white
2732,5,white
2733,5,white
2734,6,white
2735,8,white
2736,8,white
2737,5,white
2738,5,white
2739,6,white
2740,5,white
2741,5,white
2742,5,white
2743,5,white
2744,5,white
2745,5,white
2746,5,white
2747,6,white
2748,5,white
2749,5,white
2750,5,white
2751,4,white
2752,6,white
2753,4,white
2754,4,white
2755,6,white
2756,6,white
2757,6,white
2758,6,white
2759,6,white
2760,6,white
2761,7,white
2762,6,white
2763,6,white
2764,5,white
2765,5,white
2766,6,white
2767,5,white
2768,6,white
2769,6,white
2770,5,white
2771,6,white
2772,5,white
2773,6,white
2774,5,white
2775,7,white
2776,6,white
2777,5,white
2778,5,white
2779,5,white
2780,6,white
2781,5,white
2782,6,white
2783,7,white
2784,5,white
2785,5,white
2786,8,white
2787,6,white
2788,5,white
2789,6,white
2790,7,white
2791,6,white
2792,7,white
2793,6,white
2794,6,white
2795,7,white
2796,7,white
2797,6,white
2798,7,white
2799,6,white
2800,7,white
2801,5,white
2802,6,white
2803,6,white
2804,5,white
2805,6,white
2806,5,white
2807,6,white
2808,6,white
2809,6,white
2810,5,white
2811,6,white
2812,6,white
2813,6,white
2814,5,white
2815,8,white
2816,5,white
2817,8,white
2818,8,white
2819,6,white
2820,7,white
2821,6,white
2822,5,white
2823,7,white
2824,6,white
2825,7,white
2826,5,white
2827,6,white
2828,3,white
2829,6,white
2830,7,white
2831,7,white
2832,6,white
2833,6,white
2834,5,white
2835,6,white
2836,5,white
2837,7,white
2838,5,white
2839,6,white
2840,7,white
2841,7,white
2842,7,white
2843,5,white
2844,4,white
2845,7,white
2846,6,white
2847,7,white
2848,5,white
2849,7,white
2850,5,white
2851,6,white
2852,7,white
2853,5,white
2854,6,white
2855,6,white
2856,6,white
2857,6,white
2858,6,white
2859,6,white
2860,6,white
2861,6,white
2862,6,white
2863,5,white
2864,7,white
2865,8,white
2866,7,white
2867,5,white
2868,6,white
2869,7,white
2870,5,white
2871,5,white
2872,5,white
2873,6,white
2874,6,white
2875,7,white
2876,5,white
2877,6,white
2878,6,white
2879,6,white
2880,7,white
2881,5,white
2882,8,white
2883,7,white
2884,6,white
2885,7,white
2886,7,white
2887,7,white
2888,6,white
2889,6,white
2890,6,white
2891,6,white
2892,4,white
2893,4,white
2894,6,white
2895,6,white
2896,7,white
2897,6,white
2898,5,white
2899,6,white
2900,5,white
2901,6,white
2902,6,white
2903,5,white
2904,7,white
2905,8,white
2906,5,white
2907,6,white
2908,6,white
2909,6,white
2910,6,white
2911,5,white
2912,5,white
2913,6,white
2914,6,white
2915,6,white
2916,5,white
2917,6,white
2918,5,white
2919,6,white
2920,6,white
2921,6,white
2922,5,white
2923,6,white
2924,7,white
2925,6,white
2926,6,white
2927,6,white
2928,5,white
2929,5,white
2930,6,white
2931,7,white
2932,8,white
2933,6,white
2934,6,white
2935,8,white
2936,5,white
2937,5,white
2938,6,white
2939,6,white
2940,5,white
2941,6,white
2942,6,white
2943,8,white
2944,8,white
2945,7,white
2946,7,white
2947,8,white
2948,4,white
2949,7,white
2950,7,white
2951,6,white
2952,5,white
2953,5,white
2954,5,white
2955,6,white
2956,6,white
2957,8,white
2958,7,white
2959,6,white
2960,7,white
2961,7,white
2962,4,white
2963,5,white
2964,7,white
2965,6,white
2966,5,white
2967,6,white
2968,5,white
2969,6,white
2970,7,white
2971,6,white
2972,6,white
2973,7,white
2974,7,white
2975,6,white
2976,6,white
2977,7,white
2978,6,white
2979,7,white
2980,7,white
2981,6,white
2982,6,white
2983,6,white
2984,5,white
2985,7,white
2986,6,white
2987,7,white
2988,6,white
2989,6,white
2990,6,white
2991,6,white
2992,6,white
2993,7,white
2994,7,white
2995,7,white
2996,7,white
2997,7,white
2998,6,white
2999,7,white
3000,6,white
3001,8,white
3002,8,white
3003,5,white
3004,4,white
3005,8,white
3006,6,white
3007,7,white
3008,6,white
3009,6,white
3010,6,white
3011,8,white
3012,6,white
3013,6,white
3014,5,white
3015,6,white
3016,3,white
3017,5,white
3018,7,white
3019,4,white
3020,6,white
3021,5,white
3022,4,white
3023,6,white
3024,6,white
3025,6,white
3026,5,white
3027,7,white
3028,5,white
3029,4,white
3030,5,white
3031,7,white
3032,6,white
3033,5,white
3034,5,white
3035,5,white
3036,7,white
3037,5,white
3038,5,white
3039,5,white
3040,5,white
3041,5,white
3042,6,white
3043,6,white
3044,6,white
3045,6,white
3046,6,white
3047,6,white
3048,6,white
3049,6,white
3050,5,white
3051,6,white
3052,7,white
3053,5,white
3054,5,white
3055,6,white
3056,6,white
3057,6,white
3058,6,white
3059,6,white
3060,6,white
3061,6,white
3062,6,white
3063,8,white
3064,5,white
3065,6,white
3066,7,white
3067,5,white
3068,5,white
3069,7,white
3070,6,white
3071,5,white
3072,6,white
3073,4,white
3074,6,white
3075,5,white
3076,6,white
3077,6,white
3078,6,white
3079,6,white
3080,6,white
3081,6,white
3082,4,white
3083,3,white
3084,6,white
3085,6,white
3086,6,white
3087,6,white
3088,5,white
3089,6,white
3090,5,white
3091,5,white
3092,8,white
3093,8,white
3094,7,white
3095,5,white
3096,7,white
3097,6,white
3098,6,white
3099,7,white
3100,5,white
3101,5,white
3102,7,white
3103,8,white
3104,7,white
3105,6,white
3106,6,white
3107,6,white
3108,5,white
3109,5,white
3110,6,white
3111,7,white
3112,6,white
3113,7,white
3114,6,white
3115,6,white
3116,6,white
3117,6,white
3118,5,white
3119,6,white
3120,5,white
3121,5,white
3122,6,white
3123,6,white
3124,5,white
3125,6,white
3126,6,white
3127,6,white
3128,6,white
3129,5,white
3130,7,white
3131,7,white
3132,6,white
3133,6,white
3134,6,white
3135,5,white
3136,6,white
3137,6,white
3138,6,white
3139,6,white
3140,4,white
3141,6,white
3142,6,white
3143,5,white
3144,6,white
3145,6,white
3146,6,white
3147,6,white
3148,6,white
3149,6,white
3150,6,white
3151,7,white
3152,7,white
3153,7,white
3154,7,white
3155,6,white
3156,6,white
3157,4,white
3158,4,white
3159,6,white
3160,5,white
3161,7,white
3162,6,white
3163,5,white
3164,6,white
3165,5,white
3166,5,white
3167,6,white
3168,5,white
3169,5,white
3170,6,white
3171,6,white
3172,5,white
3173,4,white
3174,6,white
3175,6,white
3176,4,white
3177,5,white
3178,4,white
3179,5,white
3180,6,white
3181,7,white
3182,5,white
3183,6,white
3184,5,white
3185,5,white
3186,6,white
3187,5,white
3188,6,white
3189,6,white
3190,6,white
3191,6,white
3192,6,white
3193,6,white
3194,6,white
3195,5,white
3196,6,white
3197,6,white
3198,6,white
3199,6,white
3200,6,white
3201,5,white
3202,7,white
3203,5,white
3204,9,white
3205,6,white
3206,7,white
3207,5,white
3208,7,white
3209,6,white
3210,6,white
3211,7,white
3212,7,white
3213,5,white
3214,6,white
3215,6,white
3216,6,white
3217,6,white
3218,8,white
3219,7,white
3220,5,white
3221,6,white
3222,6,white
3223,7,white
3224,6,white
3225,6,white
3226,5,white
3227,6,white
3228,6,white
3229,5,white
3230,6,white
3231,8,white
3232,7,white
3233,6,white
3234,6,white
3235,5,white
3236,6,white
3237,5,white
3238,5,white
3239,5,white
3240,6,white
3241,7,white
3242,7,white
3243,7,white
3244,7,white
3245,6,white
3246,7,white
3247,5,white
3248,4,white
3249,7,white
3250,6,white
3251,4,white
3252,6,white
3253,5,white
3254,5,white
3255,5,white
3256,6,white
3257,5,white
3258,5,white
3259,6,white
3260,6,white
3261,7,white
3262,6,white
3263,4,white
3264,8,white
3265,5,white
3266,6,white
3267,7,white
3268,6,white
3269,6,white
3270,7,white
3271,5,white
3272,5,white
3273,6,white
3274,5,white
3275,7,white
3276,6,white
3277,6,white
3278,5,white
3279,5,white
3280,6,white
3281,7,white
3282,7,white
3283,7,white
3284,7,white
3285,5,white
3286,7,white
3287,3,white
3288,6,white
3289,4,white
3290,7,white
3291,6,white
3292,5,white
3293,6,white
3294,6,white
3295,6,white
3296,6,white
3297,6,white
3298,6,white
3299,6,white
3300,5,white
3301,4,white
3302,5,white
3303,5,white
3304,6,white
3305,6,white
3306,5,white
3307,4,white
3308,5,white
3309,5,white
3310,5,white
3311,6,white
3312,6,white
3313,5,white
3314,8,white
3315,6,white
3316,6,white
3317,4,white
3318,6,white
3319,7,white
3320,7,white
3321,6,white
3322,8,white
3323,6,white
3324,6,white
3325,6,white
3326,6,white
3327,5,white
3328,6,white
3329,6,white
3330,6,white
3331,5,white
3332,6,white
3333,6,white
3334,6,white
3335,5,white
3336,6,white
3337,5,white
3338,4,white
3339,6,white
3340,6,white
3341,6,white
3342,6,white
3343,5,white
3344,5,white
3345,5,white
3346,6,white
3347,5,white
3348,6,white
3349,6,white
3350,7,white
3351,6,white
3352,7,white
3353,6,white
3354,6,white
3355,5,white
3356,5,white
3357,5,white
3358,5,white
3359,6,white
3360,6,white
3361,7,white
3362,6,white
3363,5,white
3364,5,white
3365,5,white
3366,5,white
3367,5,white
3368,7,white
3369,6,white
3370,6,white
3371,6,white
3372,6,white
3373,6,white
3374,6,white
3375,5,white
3376,6,white
3377,8,white
3378,8,white
3379,5,white
3380,4,white
3381,6,white
3382,6,white
3383,7,white
3384,6,white
3385,7,white
3386,7,white
3387,5,white
3388,7,white
3389,5,white
3390,5,white
3391,6,white
3392,5,white
3393,5,white
3394,6,white
3395,5,white
3396,8,white
3397,6,white
3398,6,white
3399,6,white
3400,5,white
3401,6,white
3402,6,white
3403,6,white
3404,5,white
3405,5,white
3406,6,white
3407,5,white
3408,6,white
3409,6,white
3410,5,white
3411,6,white
3412,6,white
3413,7,white
3414,6,white
3415,7,white
3416,4,white
3417,6,white
3418,6,white
3419,6,white
3420,5,white
3421,7,white
3422,6,white
3423,5,white
3424,5,white
3425,5,white
3426,6,white
3427,6,white
3428,7,white
3429,7,white
3430,7,white
3431,7,white
3432,7,white
3433,6,white
3434,5,white
3435,6,white
3436,7,white
3437,6,white
3438,6,white
3439,5,white
3440,7,white
3441,6,white
3442,6,white
3443,6,white
3444,5,white
3445,5,white
3446,5,white
3447,5,white
3448,6,white
3449,7,white
3450,6,white
3451,7,white
3452,5,white
3453,7,white
3454,6,white
3455,4,white
3456,5,white
3457,5,white
3458,6,white
3459,6,white
3460,6,white
3461,7,white
3462,5,white
3463,6,white
3464,6,white
3465,6,white
3466,6,white
3467,7,white
3468,7,white
3469,6,white
3470,6,white
3471,5,white
3472,5,white
3473,5,white
3474,5,white
3475,6,white
3476,6,white
3477,6,white
3478,6,white
3479,5,white
3480,6,white
3481,5,white
3482,5,white
3483,5,white
3484,6,white
3485,5,white
3486,5,white
3487,5,white
3488,5,white
3489,5,white
3490,5,white
3491,5,white
3492,5,white
3493,5,white
3494,6,white
3495,6,white
3496,6,white
3497,6,white
3498,7,white
3499,6,white
3500,5,white
3501,6,white
3502,5,white
3503,6,white
3504,6,white
3505,5,white
3506,7,white
3507,7,white
3508,5,white
3509,5,white
3510,6,white
3511,6,white
3512,6,white
3513,6,white
3514,7,white
3515,5,white
3516,6,white
3517,6,white
3518,6,white
3519,7,white
3520,5,white
3521,5,white
3522,5,white
3523,4,white
3524,6,white
3525,6,white
3526,5,white
3527,6,white
3528,5,white
3529,6,white
3530,3,white
3531,6,white
3532,5,white
3533,6,white
3534,5,white
3535,6,white
3536,7,white
3537,5,white
3538,5,white
3539,5,white
3540,5,white
3541,5,white
3542,5,white
3543,5,white
3544,6,white
3545,6,white
3546,5,white
3547,7,white
3548,5,white
3549,5,white
3550,4,white
3551,7,white
3552,6,white
3553,5,white
3554,5,white
3555,5,white
3556,6,white
3557,6,white
3558,5,white
3559,5,white
3560,5,white
3561,5,white
3562,6,white
3563,5,white
3564,6,white
3565,6,white
3566,7,white
3567,6,white
3568,7,white
3569,6,white
3570,7,white
3571,5,white
3572,5,white
3573,5,white
3574,6,white
3575,5,white
3576,6,white
3577,6,white
3578,6,white
3579,8,white
3580,8,white
3581,8,white
3582,8,white
3583,8,white
3584,6,white
3585,6,white
3586,5,white
3587,6,white
3588,7,white
3589,4,white
3590,8,white
3591,5,white
3592,6,white
3593,6,white
3594,6,white
3595,6,white
3596,6,white
3597,6,white
3598,6,white
3599,5,white
3600,5,white
3601,6,white
3602,6,white
3603,6,white
3604,6,white
3605,6,white
3606,6,white
3607,5,white
3608,7,white
3609,6,white
3610,5,white
3611,5,white
3612,6,white
3613,5,white
3614,6,white
3615,7,white
3616,5,white
3617,7,white
3618,6,white
3619,6,white
3620,6,white
3621,6,white
3622,6,white
3623,5,white
3624,5,white
3625,5,white
3626,5,white
3627,6,white
3628,6,white
3629,6,white
3630,5,white
3631,6,white
3632,5,white
3633,5,white
3634,5,white
3635,6,white
3636,5,white
3637,5,white
3638,5,white
3639,6,white
3640,5,white
3641,6,white
3642,6,white
3643,6,white
3644,5,white
3645,5,white
3646,5,white
3647,5,white
3648,7,white
3649,3,white
3650,5,white
3651,5,white
3652,5,white
3653,5,white
3654,6,white
3655,5,white
3656,7,white
3657,5,white
3658,5,white
3659,5,white
3660,6,white
3661,5,white
3662,5,white
3663,6,white
3664,5,white
3665,5,white
3666,5,white
3667,6,white
3668,7,white
3669,6,white
3670,6,white
3671,5,white
3672,5,white
3673,6,white
3674,5,white
3675,5,white
3676,6,white
3677,6,white
3678,4,white
3679,5,white
3680,5,white
3681,6,white
3682,5,white
3683,6,white
3684,6,white
3685,5,white
3686,6,white
3687,6,white
3688,6,white
3689,5,white
3690,5,white
3691,5,white
3692,5,white
3693,5,white
3694,5,white
3695,5,white
3696,5,white
3697,6,white
3698,5,white
3699,5,white
3700,6,white
3701,5,white
3702,5,white
3703,5,white
3704,5,white
3705,5,white
3706,6,white
3707,6,white
3708,6,white
3709,5,white
3710,5,white
3711,5,white
3712,5,white
3713,6,white
3714,5,white
3715,4,white
3716,5,white
3717,6,white
3718,4,white
3719,5,white
3720,7,white
3721,5,white
3722,5,white
3723,7,white
3724,5,white
3725,5,white
3726,5,white
3727,6,white
3728,5,white
3729,5,white
3730,6,white
3731,6,white
3732,6,white
3733,6,white
3734,5,white
3735,6,white
3736,5,white
3737,5,white
3738,5,white
3739,5,white
3740,5,white
3741,5,white
3742,7,white
3743,6,white
3744,6,white
3745,6,white
3746,5,white
3747,5,white
3748,6,white
3749,6,white
3750,5,white
3751,6,white
3752,6,white
3753,4,white
3754,5,white
3755,4,white
3756,6,white
3757,6,white
3758,4,white
3759,6,white
3760,7,white
3761,6,white
3762,6,white
3763,5,white
3764,5,white
3765,5,white
3766,7,white
3767,7,white
3768,7,white
3769,7,white
3770,7,white
3771,5,white
3772,5,white
3773,7,white
3774,7,white
3775,5,white
3776,7,white
3777,5,white
3778,6,white
3779,6,white
3780,6,white
3781,5,white
3782,5,white
3783,6,white
3784,7,white
3785,5,white
3786,5,white
3787,6,white
3788,6,white
3789,6,white
3790,5,white
3791,6,white
3792,6,white
3793,6,white
3794,5,white
3795,6,white
3796,6,white
3797,5,white
3798,6,white
3799,5,white
3800,6,white
3801,5,white
3802,5,white
3803,5,white
3804,5,white
3805,6,white
3806,7,white
3807,5,white
3808,6,white
3809,7,white
3810,6,white
3811,6,white
3812,6,white
3813,5,white
3814,6,white
3815,5,white
3816,6,white
3817,6,white
3818,7,white
3819,6,white
3820,6,white
3821,7,white
3822,6,white
3823,7,white
3824,4,white
3825,5,white
3826,5,white
3827,7,white
3828,6,white
3829,7,white
3830,6,white
3831,6,white
3832,5,white
3833,5,white
3834,6,white
3835,5,white
3836,4,white
3837,6,white
3838,6,white
3839,5,white
3840,5,white
3841,5,white
3842,5,white
3843,5,white
3844,7,white
3845,4,white
3846,6,white
3847,6,white
3848,5,white
3849,6,white
3850,7,white
3851,5,white
3852,5,white
3853,6,white
3854,6,white
3855,5,white
3856,6,white
3857,5,white
3858,6,white
3859,5,white
3860,6,white
3861,6,white
3862,5,white
3863,6,white
3864,5,white
3865,5,white
3866,6,white
3867,6,white
3868,6,white
3869,7,white
3870,6,white
3871,6,white
3872,5,white
3873,7,white
3874,4,white
3875,6,white
3876,6,white
3877,6,white
3878,5,white
3879,6,white
3880,6,white
3881,5,white
3882,5,white
3883,5,white
3884,5,white
3885,5,white
3886,5,white
3887,5,white
3888,7,white
3889,7,white
3890,6,white
3891,6,white
3892,7,white
3893,7,white
3894,6,white
3895,7,white
3896,6,white
3897,8,white
3898,7,white
3899,7,white
3900,5,white
3901,5,white
3902,5,white
3903,6,white
3904,7,white
3905,5,white
3906,5,white
3907,5,white
3908,6,white
3909,5,white
3910,7,white
3911,5,white
3912,7,white
3913,6,white
3914,6,white
3915,7,white
3916,5,white
3917,4,white
3918,7,white
3919,6,white
3920,5,white
3921,6,white
3922,6,white
3923,5,white
3924,6,white
3925,5,white
3926,6,white
3927,5,white
3928,5,white
3929,6,white
3930,5,white
3931,6,white
3932,8,white
3933,5,white
3934,5,white
3935,5,white
3936,4,white
3937,5,white
3938,6,white
3939,6,white
3940,5,white
3941,8,white
3942,5,white
3943,6,white
3944,6,white
3945,4,white
3946,6,white
3947,6,white
3948,5,white
3949,5,white
3950,6,white
3951,6,white
3952,7,white
3953,6,white
3954,7,white
3955,6,white
3956,5,white
3957,5,white
3958,5,white
3959,6,white
3960,5,white
3961,6,white
3962,5,white
3963,5,white
3964,5,white
3965,5,white
3966,6,white
3967,6,white
3968,6,white
3969,7,white
3970,5,white
3971,4,white
3972,3,white
3973,6,white
3974,6,white
3975,6,white
3976,6,white
3977,5,white
3978,4,white
3979,4,white
3980,6,white
3981,8,white
3982,6,white
3983,8,white
3984,5,white
3985,4,white
3986,4,white
3987,4,white
3988,8,white
3989,8,white
3990,6,white
3991,7,white
3992,6,white
3993,5,white
3994,5,white
3995,5,white
3996,6,white
3997,6,white
3998,6,white
3999,4,white
4000,4,white
4001,6,white
4002,6,white
4003,5,white
4004,5,white
4005,6,white
4006,6,white
4007,5,white
4008,4,white
4009,6,white
4010,6,white
4011,4,white
4012,4,white
4013,4,white
4014,5,white
4015,6,white
4016,5,white
4017,5,white
4018,5,white
4019,7,white
4020,5,white
4021,5,white
4022,6,white
4023,5,white
4024,6,white
4025,6,white
4026,6,white
4027,6,white
4028,6,white
4029,5,white
4030,5,white
4031,5,white
4032,6,white
4033,6,white
4034,4,white
4035,5,white
4036,6,white
4037,5,white
4038,6,white
4039,5,white
4040,6,white
4041,5,white
4042,5,white
4043,5,white
4044,5,white
4045,5,white
4046,6,white
4047,6,white
4048,6,white
4049,5,white
4050,5,white
4051,7,white
4052,6,white
4053,5,white
4054,6,white
4055,6,white
4056,6,white
4057,6,white
4058,5,white
4059,5,white
4060,5,white
4061,5,white
4062,7,white
4063,5,white
4064,5,white
4065,5,white
4066,6,white
4067,6,white
4068,5,white
4069,5,white
4070,7,white
4071,6,white
4072,6,white
4073,7,white
4074,5,white
4075,6,white
4076,7,white
4077,6,white
4078,6,white
4079,5,white
4080,6,white
4081,6,white
4082,6,white
4083,5,white
4084,6,white
4085,5,white
4086,6,white
4087,6,white
4088,6,white
4089,6,white
4090,5,white
4091,6,white
4092,4,white
4093,4,white
4094,5,white
4095,5,white
4096,5,white
4097,5,white
4098,6,white
4099,5,white
4100,5,white
4101,4,white
4102,4,white
4103,6,white
4104,6,white
4105,6,white
4106,7,white
4107,6,white
4108,5,white
4109,6,white
4110,6,white
4111,6,white
4112,5,white
4113,7,white
4114,7,white
4115,6,white
4116,6,white
4117,7,white
4118,5,white
4119,5,white
4120,7,white
4121,8,white
4122,5,white
4123,5,white
4124,8,white
4125,7,white
4126,6,white
4127,6,white
4128,5,white
4129,6,white
4130,4,white
4131,4,white
4132,5,white
4133,7,white
4134,6,white
4135,6,white
4136,6,white
4137,6,white
4138,5,white
4139,5,white
4140,6,white
4141,5,white
4142,6,white
4143,6,white
4144,6,white
4145,5,white
4146,5,white
4147,6,white
4148,5,white
4149,5,white
4150,6,white
4151,5,white
4152,7,white
4153,7,white
4154,7,white
4155,5,white
4156,7,white
4157,7,white
4158,5,white
4159,6,white
4160,5,white
4161,6,white
4162,5,white
4163,6,white
4164,5,white
4165,7,white
4166,5,white
4167,6,white
4168,6,white
4169,5,white
4170,6,white
4171,5,white
4172,5,white
4173,5,white
4174,6,white
4175,5,white
4176,5,white
4177,7,white
4178,6,white
4179,5,white
4180,7,white
4181,7,white
4182,7,white
4183,7,white
4184,7,white
4185,7,white
4186,6,white
4187,7,white
4188,4,white
4189,6,white
4190,7,white
4191,5,white
4192,5,white
4193,7,white
4194,5,white
4195,5,white
4196,6,white
4197,5,white
4198,6,white
4199,7,white
4200,5,white
4201,6,white
4202,7,white
4203,7,white
4204,6,white
4205,6,white
4206,6,white
4207,6,white
4208,6,white
4209,5,white
4210,5,white
4211,7,white
4212,5,white
4213,5,white
4214,7,white
4215,7,white
4216,7,white
4217,7,white
4218,6,white
4219,5,white
4220,5,white
4221,7,white
4222,7,white
4223,5,white
4224,5,white
4225,7,white
4226,7,white
4227,6,white
4228,5,white
4229,6,white
4230,7,white
4231,5,white
4232,5,white
4233,5,white
4234,6,white
4235,5,white
4236,5,white
4237,6,white
4238,6,white
4239,6,white
4240,5,white
4241,5,white
4242,5,white
4243,6,white
4244,7,white
4245,7,white
4246,5,white
4247,6,white
4248,6,white
4249,5,white
4250,5,white
4251,7,white
4252,5,white
4253,5,white
4254,5,white
4255,4,white
4256,7,white
4257,7,white
4258,6,white
4259,6,white
4260,6,white
4261,6,white
4262,8,white
4263,7,white
4264,5,white
4265,7,white
4266,7,white
4267,6,white
4268,5,white
4269,7,white
4270,7,white
4271,7,white
4272,6,white
4273,7,white
4274,7,white
4275,6,white
4276,6,white
4277,5,white
4278,6,white
4279,6,white
4280,6,white
4281,6,white
4282,5,white
4283,6,white
4284,7,white
4285,6,white
4286,5,white
4287,6,white
4288,6,white
4289,6,white
4290,6,white
4291,6,white
4292,6,white
4293,6,white
4294,6,white
4295,6,white
4296,5,white
4297,6,white
4298,6,white
4299,7,white
4300,5,white
4301,5,white
4302,5,white
4303,6,white
4304,6,white
4305,6,white
4306,5,white
4307,6,white
4308,5,white
4309,5,white
4310,5,white
4311,5,white
4312,6,white
4313,6,white
4314,6,white
4315,5,white
4316,6,white
4317,6,white
4318,6,white
4319,7,white
4320,5,white
4321,7,white
4322,6,white
4323,6,white
4324,5,white
4325,6,white
4326,6,white
4327,6,white
4328,7,white
4329,5,white
4330,5,white
4331,5,white
4332,7,white
4333,6,white
4334,6,white
4335,6,white
4336,7,white
4337,5,white
4338,7,white
4339,6,white
4340,5,white
4341,6,white
4342,6,white
4343,6,white
4344,7,white
4345,6,white
4346,6,white
4347,8,white
4348,6,white
4349,8,white
4350,6,white
4351,6,white
4352,8,white
4353,5,white
4354,5,white
4355,6,white
4356,5,white
4357,6,white
4358,6,white
4359,6,white
4360,5,white
4361,5,white
4362,6,white
4363,6,white
4364,6,white
4365,6,white
4366,6,white
4367,6,white
4368,5,white
4369,7,white
4370,6,white
4371,7,white
4372,7,white
4373,8,white
4374,8,white
4375,8,white
4376,6,white
4377,7,white
4378,5,white
4379,5,white
4380,6,white
4381,6,white
4382,6,white
4383,6,white
4384,5,white
4385,6,white
4386,5,white
4387,5,white
4388,5,white
4389,6,white
4390,5,white
4391,5,white
4392,7,white
4393,5,white
4394,8,white
4395,7,white
4396,5,white
4397,7,white
4398,7,white
4399,5,white
4400,5,white
4401,6,white
4402,8,white
4403,8,white
4404,6,white
4405,5,white
4406,5,white
4407,6,white
4408,7,white
4409,7,white
4410,5,white
4411,6,white
4412,7,white
4413,7,white
4414,5,white
4415,5,white
4416,7,white
4417,4,white
4418,6,white
4419,5,white
4420,5,white
4421,5,white
4422,6,white
4423,6,white
4424,6,white
4425,6,white
4426,7,white
4427,7,white
4428,5,white
4429,5,white
4430,5,white
4431,6,white
4432,7,white
4433,6,white
4434,6,white
4435,6,white
4436,6,white
4437,7,white
4438,7,white
4439,6,white
4440,6,white
4441,6,white
4442,6,white
4443,5,white
4444,7,white
4445,7,white
4446,5,white
4447,5,white
4448,5,white
4449,5,white
4450,5,white
4451,5,white
4452,6,white
4453,6,white
4454,7,white
4455,7,white
4456,8,white
4457,7,white
4458,6,white
4459,6,white
4460,6,white
4461,6,white
4462,6,white
4463,6,white
4464,6,white
4465,7,white
4466,7,white
4467,5,white
4468,6,white
4469,7,white
4470,6,white
4471,7,white
4472,8,white
4473,7,white
4474,6,white
4475,5,white
4476,5,white
4477,6,white
4478,6,white
4479,5,white
4480,7,white
4481,5,white
4482,7,white
4483,7,white
4484,6,white
4485,5,white
4486,5,white
4487,4,white
4488,6,white
4489,8,white
4490,6,white
4491,5,white
4492,7,white
4493,7,white
4494,5,white
4495,5,white
4496,5,white
4497,5,white
4498,5,white
4499,6,white
4500,7,white
4501,5,white
4502,6,white
4503,7,white
4504,5,white
4505,5,white
4506,6,white
4507,6,white
4508,6,white
4509,5,white
4510,5,white
4511,7,white
4512,5,white
4513,6,white
4514,6,white
4515,6,white
4516,7,white
4517,6,white
4518,5,white
4519,4,white
4520,6,white
4521,8,white
4522,6,white
4523,6,white
4524,5,white
4525,8,white
4526,7,white
4527,7,white
4528,6,white
4529,8,white
4530,8,white
4531,6,white
4532,6,white
4533,5,white
4534,4,white
4535,5,white
4536,5,white
4537,8,white
4538,8,white
4539,6,white
4540,5,white
4541,5,white
4542,8,white
4543,6,white
4544,8,white
4545,6,white
4546,6,white
4547,6,white
4548,6,white
4549,5,white
4550,5,white
4551,5,white
4552,5,white
4553,7,white
4554,5,white
4555,6,white
4556,6,white
4557,5,white
4558,7,white
4559,7,white
4560,6,white
4561,5,white
4562,7,white
4563,5,white
4564,8,white
4565,6,white
4566,6,white
4567,5,white
4568,6,white
4569,5,white
4570,5,white
4571,6,white
4572,6,white
4573,6,white
4574,6,white
4575,6,white
4576,6,white
4577,6,white
4578,7,white
4579,7,white
4580,7,white
4581,6,white
4582,6,white
4583,6,white
4584,7,white
4585,7,white
4586,7,white
4587,7,white
4588,6,white
4589,7,white
4590,7,white
4591,7,white
4592,7,white
4593,7,white
4594,6,white
4595,8,white
4596,6,white
4597,7,white
4598,7,white
4599,7,white
4600,7,white
4601,7,white
4602,7,white
4603,6,white
4604,6,white
4605,6,white
4606,7,white
4607,7,white
4608,6,white
4609,5,white
4610,6,white
4611,6,white
4612,6,white
4613,6,white
4614,6,white
4615,6,white
4616,6,white
4617,8,white
4618,6,white
4619,6,white
4620,4,white
4621,5,white
4622,6,white
4623,6,white
4624,7,white
4625,6,white
4626,5,white
4627,6,white
4628,8,white
4629,8,white
4630,6,white
4631,5,white
4632,6,white
4633,6,white
4634,7,white
4635,5,white
4636,6,white
4637,6,white
4638,6,white
4639,5,white
4640,6,white
4641,6,white
4642,6,white
4643,6,white
4644,6,white
4645,6,white
4646,5,white
4647,6,white
4648,5,white
4649,4,white
4650,5,white
4651,7,white
4652,5,white
4653,6,white
4654,6,white
4655,5,white
4656,5,white
4657,5,white
4658,6,white
4659,5,white
4660,5,white
4661,8,white
4662,5,white
4663,5,white
4664,6,white
4665,5,white
4666,4,white
4667,6,white
4668,8,white
4669,8,white
4670,7,white
4671,6,white
4672,5,white
4673,5,white
4674,7,white
4675,5,white
4676,5,white
4677,5,white
4678,5,white
4679,6,white
4680,5,white
4681,6,white
4682,7,white
4683,6,white
4684,6,white
4685,7,white
4686,3,white
4687,6,white
4688,7,white
4689,6,white
4690,6,white
4691,6,white
4692,7,white
4693,6,white
4694,6,white
4695,7,white
4696,5,white
4697,7,white
4698,7,white
4699,7,white
4700,6,white
4701,6,white
4702,7,white
4703,5,white
4704,6,white
4705,6,white
4706,6,white
4707,5,white
4708,4,white
4709,6,white
4710,7,white
4711,5,white
4712,6,white
4713,6,white
4714,6,white
4715,7,white
4716,7,white
4717,7,white
4718,5,white
4719,6,white
4720,5,white
4721,6,white
4722,5,white
4723,6,white
4724,5,white
4725,7,white
4726,5,white
4727,6,white
4728,6,white
4729,6,white
4730,5,white
4731,6,white
4732,6,white
4733,6,white
4734,6,white
4735,5,white
4736,6,white
4737,6,white
4738,6,white
4739,6,white
4740,7,white
4741,6,white
4742,5,white
4743,6,white
4744,6,white
4745,6,white
4746,6,white
4747,6,white
4748,6,white
4749,6,white
4750,6,white
4751,6,white
4752,6,white
4753,6,white
4754,7,white
4755,5,white
4756,7,white
4757,7,white
4758,6,white
4759,6,white
4760,5,white
4761,7,white
4762,7,white
4763,6,white
4764,6,white
4765,6,white
4766,7,white
4767,6,white
4768,6,white
4769,6,white
4770,6,white
4771,8,white
4772,8,white
4773,8,white
4774,6,white
4775,6,white
4776,5,white
4777,6,white
4778,4,white
4779,6,white
4780,6,white
4781,5,white
4782,6,white
4783,7,white
4784,6,white
4785,4,white
4786,7,white
4787,8,white
4788,5,white
4789,7,white
4790,6,white
4791,6,white
4792,5,white
4793,5,white
4794,6,white
4795,7,white
4796,6,white
4797,7,white
4798,7,white
4799,7,white
4800,6,white
4801,7,white
4802,7,white
4803,5,white
4804,7,white
4805,7,white
4806,6,white
4807,5,white
4808,5,white
4809,5,white
4810,6,white
4811,5,white
4812,6,white
4813,6,white
4814,6,white
4815,5,white
4816,5,white
4817,4,white
4818,7,white
4819,5,white
4820,6,white
4821,6,white
4822,6,white
4823,6,white
4824,7,white
4825,6,white
4826,6,white
4827,6,white
4828,7,white
4829,6,white
4830,6,white
4831,5,white
4832,6,white
4833,6,white
4834,6,white
4835,6,white
4836,7,white
4837,5,white
4838,7,white
4839,6,white
4840,7,white
4841,6,white
4842,7,white
4843,7,white
4844,5,white
4845,6,white
4846,6,white
4847,7,white
4848,7,white
4849,6,white
4850,6,white
4851,8,white
4852,8,white
4853,5,white
4854,6,white
4855,6,white
4856,6,white
4857,6,white
4858,6,white
4859,6,white
4860,5,white
4861,7,white
4862,8,white
4863,6,white
4864,3,white
4865,6,white
4866,6,white
4867,6,white
4868,5,white
4869,5,white
4870,7,white
4871,7,white
4872,7,white
4873,5,white
4874,4,white
4875,8,white
4876,7,white
4877,5,white
4878,6,white
4879,5,white
4880,6,white
4881,7,white
4882,6,white
4883,6,white
4884,7,white
4885,7,white
4886,7,white
4887,6,white
4888,5,white
4889,5,white
4890,8,white
4891,5,white
4892,7,white
4893,6,white
4894,5,white
4895,5,white
4896,5,white
4897,6,white
4898,7,white
4899,5,white
4900,8,white
4901,6,white
4902,7,white
4903,7,white
4904,7,white
4905,7,white
4906,3,white
4907,6,white
4908,7,white
4909,7,white
4910,7,white
4911,7,white
4912,7,white
4913,6,white
4914,7,white
4915,6,white
4916,6,white
4917,7,white
4918,5,white
4919,5,white
4920,6,white
4921,7,white
4922,6,white
4923,6,white
4924,7,white
4925,5,white
4926,7,white
4927,5,white
4928,6,white
4929,6,white
4930,6,white
4931,7,white
4932,6,white
4933,6,white
4934,6,white
4935,6,white
4936,6,white
4937,6,white
4938,6,white
4939,6,white
4940,6,white
4941,5,white
4942,7,white
4943,6,white
4944,6,white
4945,6,white
4946,6,white
4947,6,white
4948,6,white
4949,6,white
4950,6,white
4951,6,white
4952,6,white
4953,7,white
4954,6,white
4955,6,white
4956,7,white
4957,6,white
4958,6,white
4959,7,white
4960,6,white
4961,6,white
4962,6,white
4963,6,white
4964,7,white
4965,6,white
4966,6,white
4967,6,white
4968,7,white
4969,6,white
4970,6,white
4971,6,white
4972,7,white
4973,5,white
4974,6,white
4975,6,white
4976,6,white
4977,8,white
4978,5,white
4979,7,white
4980,7,white
4981,7,white
4982,6,white
4983,6,white
4984,6,white
4985,8,white
4986,5,white
4987,6,white
4988,7,white
4989,6,white
4990,8,white
4991,6,white
4992,6,white
4993,5,white
4994,5,white
4995,6,white
4996,6,white
4997,5,white
4998,6,white
4999,6,white
5000,5,white
5001,6,white
5002,5,white
5003,6,white
5004,6,white
5005,6,white
5006,5,white
5007,6,white
5008,3,white
5009,7,white
5010,6,white
5011,6,white
5012,6,white
5013,7,white
5014,7,white
5015,6,white
5016,4,white
5017,6,white
5018,7,white
5019,5,white
5020,8,white
5021,8,white
5022,5,white
5023,6,white
5024,6,white
5025,6,white
5026,6,white
5027,6,white
5028,5,white
5029,6,white
5030,6,white
5031,5,white
5032,7,white
5033,6,white
5034,6,white
5035,6,white
5036,5,white
5037,5,white
5038,5,white
5039,5,white
5040,5,white
5041,7,white
5042,6,white
5043,5,white
5044,8,white
5045,6,white
5046,6,white
5047,7,white
5048,8,white
5049,7,white
5050,7,white
5051,5,white
5052,6,white
5053,5,white
5054,6,white
5055,5,white
5056,7,white
5057,7,white
5058,6,white
5059,6,white
5060,8,white
5061,6,white
5062,7,white
5063,5,white
5064,6,white
5065,6,white
5066,5,white
5067,8,white
5068,6,white
5069,8,white
5070,6,white
5071,6,white
5072,8,white
5073,6,white
5074,6,white
5075,8,white
5076,7,white
5077,6,white
5078,7,white
5079,8,white
5080,5,white
5081,8,white
5082,7,white
5083,8,white
5084,7,white
5085,6,white
5086,6,white
5087,6,white
5088,8,white
5089,7,white
5090,6,white
5091,7,white
5092,7,white
5093,6,white
5094,7,white
5095,7,white
5096,6,white
5097,6,white
5098,7,white
5099,7,white
5100,6,white
5101,5,white
5102,7,white
5103,7,white
5104,7,white
5105,6,white
5106,7,white
5107,5,white
5108,6,white
5109,6,white
5110,7,white
5111,6,white
5112,6,white
5113,6,white
5114,7,white
5115,7,white
5116,7,white
5117,5,white
5118,7,white
5119,5,white
5120,7,white
5121,5,white
5122,5,white
5123,6,white
5124,6,white
5125,6,white
5126,6,white
5127,4,white
5128,7,white
5129,5,white
5130,5,white
5131,6,white
5132,6,white
5133,5,white
5134,5,white
5135,6,white
5136,5,white
5137,7,white
5138,6,white
5139,6,white
5140,6,white
5141,6,white
5142,6,white
5143,6,white
5144,6,white
5145,6,white
5146,6,white
5147,6,white
5148,6,white
5149,6,white
5150,6,white
5151,6,white
5152,6,white
5153,6,white
5154,6,white
5155,7,white
5156,6,white
5157,6,white
5158,4,white
5159,6,white
5160,5,white
5161,6,white
5162,5,white
5163,6,white
5164,6,white
5165,6,white
5166,6,white
5167,7,white
5168,6,white
5169,6,white
5170,4,white
5171,6,white
5172,6,white
5173,6,white
5174,7,white
5175,5,white
5176,7,white
5177,4,white
5178,7,white
5179,5,white
5180,7,white
5181,6,white
5182,6,white
5183,7,white
5184,7,white
5185,7,white
5186,6,white
5187,6,white
5188,6,white
5189,7,white
5190,5,white
5191,7,white
5192,7,white
5193,7,white
5194,7,white
5195,7,white
5196,6,white
5197,7,white
5198,6,white
5199,6,white
5200,7,white
5201,6,white
5202,7,white
5203,6,white
5204,5,white
5205,5,white
5206,6,white
5207,6,white
5208,6,white
5209,5,white
5210,6,white
5211,6,white
5212,6,white
5213,5,white
5214,6,white
5215,5,white
5216,5,white
5217,7,white
5218,6,white
5219,7,white
5220,7,white
5221,6,white
5222,6,white
5223,7,white
5224,5,white
5225,5,white
5226,5,white
5227,6,white
5228,6,white
5229,6,white
5230,6,white
5231,6,white
5232,6,white
5233,7,white
5234,6,white
5235,7,white
5236,7,white
5237,7,white
5238,6,white
5239,6,white
5240,6,white
5241,6,white
5242,6,white
5243,7,white
5244,6,white
5245,7,white
5246,7,white
5247,5,white
5248,6,white
5249,4,white
5250,6,white
5251,6,white
5252,6,white
5253,6,white
5254,7,white
5255,7,white
5256,8,white
5257,7,white
5258,8,white
5259,8,white
5260,6,white
5261,4,white
5262,6,white
5263,8,white
5264,8,white
5265,7,white
5266,8,white
5267,5,white
5268,7,white
5269,6,white
5270,7,white
5271,8,white
5272,7,white
5273,5,white
5274,6,white
5275,7,white
5276,6,white
5277,5,white
5278,7,white
5279,6,white
5280,8,white
5281,7,white
5282,6,white
5283,7,white
5284,6,white
5285,5,white
5286,5,white
5287,6,white
5288,8,white
5289,7,white
5290,6,white
5291,7,white
5292,7,white
5293,5,white
5294,6,white
5295,7,white
5296,6,white
5297,6,white
5298,5,white
5299,5,white
5300,5,white
5301,6,white
5302,6,white
5303,6,white
5304,6,white
5305,6,white
5306,6,white
5307,5,white
5308,5,white
5309,5,white
5310,6,white
5311,5,white
5312,5,white
5313,4,white
5314,6,white
5315,5,white
5316,6,white
5317,5,white
5318,5,white
5319,7,white
5320,5,white
5321,5,white
5322,7,white
5323,6,white
5324,6,white
5325,7,white
5326,7,white
5327,7,white
5328,5,white
5329,6,white
5330,6,white
5331,5,white
5332,6,white
5333,5,white
5334,6,white
5335,4,white
5336,5,white
5337,6,white
5338,7,white
5339,7,white
5340,7,white
5341,7,white
5342,7,white
5343,7,white
5344,7,white
5345,5,white
5346,6,white
5347,5,white
5348,6,white
5349,7,white
5350,5,white
5351,5,white
5352,5,white
5353,8,white
5354,6,white
5355,5,white
5356,5,white
5357,5,white
5358,6,white
5359,6,white
5360,7,white
5361,5,white
5362,5,white
5363,8,white
5364,5,white
5365,5,white
5366,5,white
5367,6,white
5368,5,white
5369,4,white
5370,6,white
5371,6,white
5372,5,white
5373,5,white
5374,6,white
5375,5,white
5376,6,white
5377,7,white
5378,7,white
5379,5,white
5380,6,white
5381,6,white
5382,5,white
5383,6,white
5384,7,white
5385,5,white
5386,5,white
5387,5,white
5388,6,white
5389,5,white
5390,5,white
5391,6,white
5392,6,white
5393,5,white
5394,6,white
5395,6,white
5396,5,white
5397,5,white
5398,5,white
5399,5,white
5400,6,white
5401,5,white
5402,6,white
5403,5,white
5404,6,white
5405,5,white
5406,5,white
5407,6,white
5408,6,white
5409,3,white
5410,5,white
5411,5,white
5412,5,white
5413,5,white
5414,7,white
5415,5,white
5416,6,white
5417,6,white
5418,6,white
5419,5,white
5420,6,white
5421,6,white
5422,5,white
5423,7,white
5424,6,white
5425,6,white
5426,5,white
5427,6,white
5428,7,white
5429,7,white
5430,5,white
5431,5,white
5432,6,white
5433,5,white
5434,5,white
5435,6,white
5436,6,white
5437,5,white
5438,5,white
5439,6,white
5440,6,white
5441,6,white
5442,7,white
5443,6,white
5444,5,white
5445,6,white
5446,5,white
5447,6,white
5448,5,white
5449,6,white
5450,7,white
5451,6,white
5452,7,white
5453,6,white
5454,6,white
5455,6,white
5456,6,white
5457,6,white
5458,5,white
5459,5,white
5460,6,white
5461,6,white
5462,6,white
5463,7,white
5464,6,white
5465,6,white
5466,5,white
5467,6,white
5468,6,white
5469,6,white
5470,6,white
5471,4,white
5472,5,white
5473,5,white
5474,7,white
5475,5,white
5476,5,white
5477,5,white
5478,4,white
5479,6,white
5480,6,white
5481,5,white
5482,6,white
5483,6,white
5484,6,white
5485,6,white
5486,6,white
5487,6,white
5488,6,white
5489,6,white
5490,5,white
5491,5,white
5492,5,white
5493,6,white
5494,6,white
5495,6,white
5496,6,white
5497,7,white
5498,5,white
5499,5,white
5500,4,white
5501,6,white
5502,6,white
5503,7,white
5504,7,white
5505,7,white
5506,7,white
5507,7,white
5508,7,white
5509,6,white
5510,6,white
5511,7,white
5512,6,white
5513,7,white
5514,7,white
5515,6,white
5516,5,white
5517,7,white
5518,6,white
5519,6,white
5520,5,white
5521,7,white
5522,5,white
5523,5,white
5524,5,white
5525,6,white
5526,5,white
5527,5,white
5528,5,white
5529,6,white
5530,6,white
5531,8,white
5532,4,white
5533,6,white
5534,5,white
5535,6,white
5536,5,white
5537,6,white
5538,6,white
5539,5,white
5540,5,white
5541,6,white
5542,6,white
5543,6,white
5544,6,white
5545,6,white
5546,7,white
5547,5,white
5548,5,white
5549,5,white
5550,5,white
5551,6,white
5552,7,white
5553,5,white
5554,6,white
5555,5,white
5556,5,white
5557,6,white
5558,6,white
5559,6,white
5560,5,white
5561,7,white
5562,7,white
5563,5,white
5564,4,white
5565,6,white
5566,4,white
5567,6,white
5568,6,white
5569,7,white
5570,6,white
5571,6,white
5572,4,white
5573,6,white
5574,7,white
5575,7,white
5576,6,white
5577,7,white
5578,6,white
5579,5,white
5580,7,white
5581,7,white
5582,6,white
5583,7,white
5584,6,white
5585,6,white
5586,6,white
5587,6,white
5588,6,white
5589,6,white
5590,5,white
5591,7,white
5592,7,white
5593,7,white
5594,5,white
5595,7,white
5596,7,white
5597,6,white
5598,6,white
5599,6,white
5600,5,white
5601,6,white
5602,6,white
5603,7,white
5604,6,white
5605,6,white
5606,5,white
5607,6,white
5608,6,white
5609,6,white
5610,7,white
5611,6,white
5612,6,white
5613,6,white
5614,5,white
5615,5,white
5616,6,white
5617,6,white
5618,5,white
5619,4,white
5620,5,white
5621,5,white
5622,6,white
5623,6,white
5624,6,white
5625,6,white
5626,5,white
5627,6,white
5628,6,white
5629,5,white
5630,5,white
5631,5,white
5632,6,white
5633,5,white
5634,6,white
5635,5,white
5636,5,white
5637,5,white
5638,4,white
5639,5,white
5640,5,white
5641,7,white
5642,7,white
5643,7,white
5644,7,white
5645,7,white
5646,6,white
5647,6,white
5648,6,white
5649,7,white
5650,6,white
5651,5,white
5652,7,white
5653,7,white
5654,6,white
5655,5,white
5656,6,white
5657,6,white
5658,6,white
5659,5,white
5660,5,white
5661,6,white
5662,5,white
5663,5,white
5664,8,white
5665,6,white
5666,5,white
5667,6,white
5668,6,white
5669,5,white
5670,6,white
5671,7,white
5672,5,white
5673,4,white
5674,6,white
5675,5,white
5676,6,white
5677,6,white
5678,6,white
5679,6,white
5680,6,white
5681,6,white
5682,5,white
5683,8,white
5684,6,white
5685,6,white
5686,6,white
5687,6,white
5688,6,white
5689,6,white
5690,6,white
5691,6,white
5692,6,white
5693,7,white
5694,6,white
5695,5,white
5696,6,white
5697,5,white
5698,6,white
5699,6,white
5700,5,white
5701,5,white
5702,7,white
5703,7,white
5704,7,white
5705,5,white
5706,6,white
5707,6,white
5708,6,white
5709,5,white
5710,6,white
5711,6,white
5712,6,white
5713,6,white
5714,6,white
5715,6,white
5716,6,white
5717,8,white
5718,7,white
5719,5,white
5720,6,white
5721,6,white
5722,6,white
5723,7,white
5724,5,white
5725,5,white
5726,5,white
5727,5,white
5728,7,white
5729,6,white
5730,5,white
5731,5,white
5732,6,white
5733,6,white
5734,5,white
5735,6,white
5736,5,white
5737,6,white
5738,7,white
5739,6,white
5740,6,white
5741,6,white
5742,6,white
5743,6,white
5744,6,white
5745,7,white
5746,7,white
5747,6,white
5748,7,white
5749,5,white
5750,6,white
5751,6,white
5752,5,white
5753,5,white
5754,5,white
5755,5,white
5756,7,white
5757,7,white
5758,7,white
5759,7,white
5760,7,white
5761,7,white
5762,5,white
5763,5,white
5764,7,white
5765,7,white
5766,8,white
5767,6,white
5768,7,white
5769,7,white
5770,5,white
5771,6,white
5772,5,white
5773,6,white
5774,7,white
5775,6,white
5776,6,white
5777,7,white
5778,5,white
5779,6,white
5780,6,white
5781,6,white
5782,7,white
5783,7,white
5784,5,white
5785,5,white
5786,6,white
5787,6,white
5788,5,white
5789,6,white
5790,5,white
5791,6,white
5792,6,white
5793,6,white
5794,8,white
5795,6,white
5796,5,white
5797,5,white
5798,6,white
5799,6,white
5800,6,white
5801,6,white
5802,5,white
5803,6,white
5804,6,white
5805,6,white
5806,7,white
5807,6,white
5808,6,white
5809,6,white
5810,6,white
5811,4,white
5812,4,white
5813,5,white
5814,5,white
5815,5,white
5816,4,white
5817,6,white
5818,5,white
5819,6,white
5820,6,white
5821,4,white
5822,4,white
5823,7,white
5824,5,white
5825,7,white
5826,7,white
5827,6,white
5828,6,white
5829,6,white
5830,6,white
5831,6,white
5832,6,white
5833,6,white
5834,5,white
5835,5,white
5836,5,white
5837,5,white
5838,7,white
5839,6,white
5840,6,white
5841,7,white
5842,6,white
5843,5,white
5844,5,white
5845,6,white
5846,6,white
5847,6,white
5848,6,white
5849,6,white
5850,6,white
5851,6,white
5852,4,white
5853,5,white
5854,5,white
5855,5,white
5856,5,white
5857,6,white
5858,6,white
5859,6,white
5860,7,white
5861,6,white
5862,6,white
5863,6,white
5864,6,white
5865,7,white
5866,7,white
5867,6,white
5868,5,white
5869,6,white
5870,5,white
5871,6,white
5872,6,white
5873,6,white
5874,6,white
5875,7,white
5876,5,white
5877,4,white
5878,6,white
5879,6,white
5880,5,white
5881,5,white
5882,6,white
5883,6,white
5884,6,white
5885,6,white
5886,5,white
5887,6,white
5888,6,white
5889,5,white
5890,5,white
5891,6,white
5892,5,white
5893,5,white
5894,5,white
5895,6,white
5896,6,white
5897,6,white
5898,6,white
5899,5,white
5900,5,white
5901,6,white
5902,6,white
5903,6,white
5904,6,white
5905,6,white
5906,7,white
5907,6,white
5908,6,white
5909,6,white
5910,5,white
5911,6,white
5912,6,white
5913,7,white
5914,7,white
5915,5,white
5916,7,white
5917,7,white
5918,7,white
5919,5,white
5920,6,white
5921,7,white
5922,6,white
5923,6,white
5924,5,white
5925,5,white
5926,5,white
5927,5,white
5928,5,white
5929,5,white
5930,5,white
5931,8,white
5932,8,white
5933,8,white
5934,8,white
5935,8,white
5936,8,white
5937,8,white
5938,8,white
5939,8,white
5940,6,white
5941,6,white
5942,6,white
5943,6,white
5944,6,white
5945,6,white
5946,7,white
5947,6,white
5948,5,white
5949,6,white
5950,6,white
5951,5,white
5952,6,white
5953,6,white
5954,6,white
5955,5,white
5956,6,white
5957,5,white
5958,6,white
5959,5,white
5960,6,white
5961,6,white
5962,5,white
5963,6,white
5964,5,white
5965,6,white
5966,5,white
5967,6,white
5968,6,white
5969,5,white
5970,5,white
5971,6,white
5972,6,white
5973,5,white
5974,6,white
5975,5,white
5976,6,white
5977,5,white
5978,5,white
5979,6,white
5980,6,white
5981,6,white
5982,6,white
5983,5,white
5984,5,white
5985,6,white
5986,6,white
5987,6,white
5988,4,white
5989,5,white
5990,5,white
5991,5,white
5992,6,white
5993,6,white
5994,5,white
5995,5,white
5996,5,white
5997,5,white
5998,5,white
5999,5,white
6000,6,white
6001,6,white
6002,5,white
6003,5,white
6004,5,white
6005,7,white
6006,6,white
6007,5,white
6008,7,white
6009,5,white
6010,7,white
6011,7,white
6012,7,white
6013,7,white
6014,5,white
6015,5,white
6016,6,white
6017,6,white
6018,6,white
6019,6,white
6020,6,white
6021,6,white
6022,6,white
6023,6,white
6024,6,white
6025,6,white
6026,5,white
6027,6,white
6028,6,white
6029,5,white
6030,6,white
6031,6,white
6032,5,white
6033,6,white
6034,6,white
6035,6,white
6036,6,white
6037,5,white
6038,5,white
6039,5,white
6040,6,white
6041,5,white
6042,5,white
6043,6,white
6044,6,white
6045,6,white
6046,6,white
6047,5,white
6048,6,white
6049,6,white
6050,5,white
6051,5,white
6052,6,white
6053,6,white
6054,5,white
6055,5,white
6056,5,white
6057,7,white
6058,5,white
6059,6,white
6060,6,white
6061,6,white
6062,6,white
6063,5,white
6064,5,white
6065,5,white
6066,5,white
6067,6,white
6068,6,white
6069,6,white
6070,6,white
6071,5,white
6072,5,white
6073,6,white
6074,6,white
6075,6,white
6076,5,white
6077,5,white
6078,5,white
6079,5,white
6080,5,white
6081,6,white
6082,4,white
6083,5,white
6084,6,white
6085,6,white
6086,6,white
6087,6,white
6088,6,white
6089,6,white
6090,6,white
6091,6,white
6092,6,white
6093,6,white
6094,6,white
6095,6,white
6096,5,white
6097,5,white
6098,6,white
6099,6,white
6100,6,white
6101,6,white
6102,7,white
6103,5,white
6104,5,white
6105,6,white
6106,5,white
6107,4,white
6108,5,white
6109,6,white
6110,6,white
6111,6,white
6112,6,white
6113,5,white
6114,6,white
6115,6,white
6116,6,white
6117,6,white
6118,6,white
6119,5,white
6120,5,white
6121,6,white
6122,5,white
6123,6,white
6124,6,white
6125,6,white
6126,6,white
6127,6,white
6128,6,white
6129,6,white
6130,6,white
6131,6,white
6132,5,white
6133,6,white
6134,6,white
6135,6,white
6136,5,white
6137,6,white
6138,5,white
6139,6,white
6140,6,white
6141,5,white
6142,5,white
6143,6,white
6144,6,white
6145,6,white
6146,6,white
6147,5,white
6148,5,white
6149,6,white
6150,6,white
6151,6,white
6152,6,white
6153,6,white
6154,5,white
6155,5,white
6156,6,white
6157,6,white
6158,7,white
6159,6,white
6160,6,white
6161,7,white
6162,7,white
6163,7,white
6164,5,white
6165,5,white
6166,5,white
6167,6,white
6168,6,white
6169,6,white
6170,7,white
6171,7,white
6172,6,white
6173,7,white
6174,7,white
6175,5,white
6176,6,white
6177,7,white
6178,6,white
6179,6,white
6180,6,white
6181,6,white
6182,6,white
6183,6,white
6184,6,white
6185,6,white
6186,6,white
6187,5,white
6188,6,white
6189,6,white
6190,6,white
6191,6,white
6192,6,white
6193,6,white
6194,6,white
6195,6,white
6196,6,white
6197,6,white
6198,7,white
6199,6,white
6200,6,white
6201,6,white
6202,6,white
6203,6,white
6204,6,white
6205,5,white
6206,6,white
6207,7,white
6208,4,white
6209,6,white
6210,5,white
6211,5,white
6212,5,white
6213,5,white
6214,7,white
6215,5,white
6216,7,white
6217,7,white
6218,5,white
6219,6,white
6220,7,white
6221,7,white
6222,6,white
6223,6,white
6224,5,white
6225,6,white
6226,6,white
6227,6,white
6228,7,white
6229,7,white
6230,7,white
6231,6,white
6232,6,white
6233,6,white
6234,6,white
6235,5,white
6236,6,white
6237,5,white
6238,6,white
6239,6,white
6240,6,white
6241,7,white
6242,6,white
6243,6,white
6244,7,white
6245,7,white
6246,7,white
6247,5,white
6248,5,white
6249,5,white
6250,7,white
6251,5,white
6252,7,white
6253,7,white
6254,7,white
6255,7,white
6256,7,white
6257,6,white
6258,6,white
6259,6,white
6260,5,white
6261,6,white
6262,7,white
6263,7,white
6264,6,white
6265,5,white
6266,7,white
6267,7,white
6268,5,white
6269,6,white
6270,5,white
6271,5,white
6272,7,white
6273,7,white
6274,6,white
6275,6,white
6276,7,white
6277,6,white
6278,5,white
6279,4,white
6280,6,white
6281,6,white
6282,6,white
6283,6,white
6284,5,white
6285,4,white
6286,6,white
6287,6,white
6288,6,white
6289,6,white
6290,7,white
6291,5,white
6292,6,white
6293,7,white
6294,7,white
6295,6,white
6296,7,white
6297,6,white
6298,5,white
6299,5,white
6300,6,white
6301,6,white
6302,7,white
6303,6,white
6304,6,white
6305,7,white
6306,6,white
6307,6,white
6308,6,white
6309,7,white
6310,6,white
6311,6,white
6312,6,white
6313,7,white
6314,6,white
6315,6,white
6316,6,white
6317,6,white
6318,6,white
6319,5,white
6320,6,white
6321,6,white
6322,6,white
6323,6,white
6324,6,white
6325,6,white
6326,6,white
6327,6,white
6328,5,white
6329,5,white
6330,6,white
6331,6,white
6332,6,white
6333,6,white
6334,6,white
6335,6,white
6336,7,white
6337,6,white
6338,6,white
6339,5,white
6340,6,white
6341,6,white
6342,5,white
6343,5,white
6344,3,white
6345,6,white
6346,6,white
6347,5,white
6348,6,white
6349,5,white
6350,6,white
6351,7,white
6352,6,white
6353,6,white
6354,6,white
6355,7,white
6356,7,white
6357,6,white
6358,6,white
6359,6,white
6360,6,white
6361,7,white
6362,7,white
6363,6,white
6364,8,white
6365,8,white
6366,7,white
6367,6,white
6368,6,white
6369,6,white
6370,6,white
6371,5,white
6372,7,white
6373,4,white
6374,6,white
6375,6,white
6376,6,white
6377,6,white
6378,4,white
6379,5,white
6380,5,white
6381,6,white
6382,6,white
6383,5,white
6384,7,white
6385,8,white
6386,8,white
6387,5,white
6388,6,white
6389,6,white
6390,6,white
6391,6,white
6392,6,white
6393,5,white
6394,7,white
6395,7,white
6396,6,white
6397,5,white
6398,6,white
6399,7,white
6400,7,white
6401,8,white
6402,7,white
6403,4,white
6404,6,white
6405,6,white
6406,6,white
6407,5,white
6408,6,white
6409,5,white
6410,6,white
6411,7,white
6412,5,white
6413,6,white
6414,7,white
6415,6,white
6416,6,white
6417,6,white
6418,6,white
6419,5,white
6420,6,white
6421,6,white
6422,7,white
6423,5,white
6424,6,white
6425,6,white
6426,6,white
6427,5,white
6428,7,white
6429,6,white
6430,6,white
6431,5,white
6432,6,white
6433,7,white
6434,6,white
6435,5,white
6436,6,white
6437,6,white
6438,4,white
6439,7,white
6440,6,white
6441,6,white
6442,5,white
6443,6,white
6444,5,white
6445,6,white
6446,7,white
6447,6,white
6448,5,white
6449,6,white
6450,5,white
6451,5,white
6452,5,white
6453,6,white
6454,6,white
6455,6,white
6456,6,white
6457,5,white
6458,6,white
6459,6,white
6460,6,white
6461,6,white
6462,7,white
6463,5,white
6464,6,white
6465,6,white
6466,6,white
6467,6,white
6468,6,white
6469,7,white
6470,6,white
6471,5,white
6472,6,white
6473,6,white
6474,6,white
6475,7,white
6476,5,white
6477,4,white
6478,6,white
6479,6,white
6480,6,white
6481,5,white
6482,6,white
6483,5,white
6484,6,white
6485,7,white
6486,7,white
6487,5,white
6488,6,white
6489,6,white
6490,6,white
6491,5,white
6492,6,white
6493,5,white
6494,6,white
6495,7,white
6496,6,white
